,nombre_usuario,#_iteraciones
159,anagabrielav ,111411.0
1136,ingridlojant ,37792.0
939,franciscobuenano ,14950.0
784,egsantos1 ,9644.0
2448,pezambrano ,8887.0
1932,mariadelcisne ,4201.0
2778,thaliaangamarca ,4118.0
2356,pablovillarreal123 ,4081.0
1718,lili2017 ,3751.0
810,elizita ,3735.0
1923,maria piedad toro ,3576.0
525,cristinatorres ,3537.0
2156,mirn1978 ,3507.0
1745,llsantillan ,3427.0
527,cruzcaya labanda ,3200.0
1585,katherineguayllas ,2590.0
2186,mlcordova ,2538.0
1582,katherine vasquez 1995 ,2343.0
175,andrea pisco91 ,2311.0
2751,tannyaborbor ,2219.0
2823,verito jimenez1983 ,2064.0
2131,michellpineda ,2012.0
2233,msfonseca ,2002.0
2828,veronica changovalin ,1988.0
155,anabell ,1978.0
1034,gianellaochoa ,1957.0
845,ermora ,1939.0
2806,vane123 ,1930.0
2122,micc ,1925.0
19,abpalacios ,1809.0
1333,jhuliana torres ,1788.0
2622,santiagogrados ,1711.0
1680,lcjaramillo ,1707.0
943,francojj944 ,1694.0
961,gabbyvillalta ,1690.0
1656,lacampoverde ,1662.0
2264,nayeliquezada ,1621.0
1836,macisnerc 2017 ,1594.0
2435,pauly5 ,1584.0
1741,llcueva1 ,1571.0
2709,sophiasanchezl ,1564.0
1175,jacky 3 ,1537.0
553,daniel peralta7 ,1522.0
107,alexandraluden a ,1505.0
1679,lchala ,1492.0
1685,ldabendano ,1492.0
1306,jessicalagla ,1490.0
2734,susanamendoza ,1490.0
736,dslazo ,1484.0
1388,johanasaquipay ,1478.0
1556,karinasanabria ,1475.0
12,abel ,1454.0
1363,jmfalconi ,1443.0
1990,mariuxicambisaca ,1437.0
2118,mguadalupe ,1432.0
2573,rosy gaona ,1391.0
2278,nemartinez ,1370.0
248,anita cuenca32 ,1366.0
1735,lizbethr ,1356.0
2667,silvana narvaez ,1352.0
1047,giovanny ,1339.0
1299,jessicaborja ,1334.0
2959,yolandaduque ,1329.0
2038,mavillacis26 ,1314.0
703,diegosalcedo ,1293.0
1973,marielatroya ,1277.0
2211,morena ,1275.0
2583,rrordonez ,1269.0
2798,valeria morocho ,1258.0
1030,giancarlo ,1252.0
1039,gina lc 61 ,1232.0
2060,mcgonzalez12 ,1216.0
2968,yuliguarnizo9 ,1202.0
728,doris ,1196.0
263,apcriollo ,1181.0
1880,mamurillo1 ,1179.0
2628,sara821982 ,1176.0
2522,ridiaz1 ,1171.0
168,and97 ,1170.0
435,cesarochoa ,1161.0
2190,mmcastillo3 ,1154.0
1827,maarias9 ,1130.0
470,cjpaez1 ,1116.0
869,eva 24 ,1091.0
1341,jimena18 05 1991 ,1085.0
1224,jccampoverde8 ,1076.0
517,cristina torres ,1073.0
540,dacarrion1 ,1069.0
300,bernardoix2412 ,1064.0
154,anabelcordova ,1059.0
257,antoniasoto ,1059.0
672,dianaesther ,1058.0
1204,jannyloor ,1055.0
673,dianagoveo ,1054.0
1778,lucetty ,1051.0
234,angelica mera ,1040.0
113,alexis montoya ,1024.0
718,dmcango ,1019.0
2401,patriciasanchez ,1019.0
2770,teleon3 ,1005.0
2763,tatianazco ,1000.0
895,fdhidalgo ,998.0
2108,mfernanda ,992.0
516,cristina paucar ,991.0
746,ebchillogallo ,991.0
1518,k rla cort z ,983.0
1067,gonzaloy ,981.0
2870,vjmoreno2 ,981.0
33,adolfoarguello ,978.0
1906,marciaespinoza ,964.0
2248,naomibermeo ,962.0
2890,wallpari ,961.0
275,arsaguma ,958.0
2476,priscilamontesdeoca ,955.0
1806,luisitaromero ,942.0
1483,juanestrella ,926.0
2587,rubencuaical ,922.0
2254,natalycuasapaz ,916.0
173,andrea chs ,906.0
1629,kfsarango1 ,906.0
1930,mariacartagena ,900.0
2080,melguevara ,891.0
2200,monicacastillo ,886.0
2521,richardpadilla ,883.0
1996,marjorie yaguana ,877.0
156,anacaro ,865.0
882,fabiang ,863.0
137,ammolina4 ,862.0
1448,jossfreire ,861.0
1413,jonathansatalin ,860.0
566,danielasanchez ,860.0
2669,silvanasandoval ,858.0
815,ely ,854.0
1904,marciaaviles ,852.0
2853,victorgualan ,847.0
2318,nury ,847.0
2427,paulera ,846.0
1465,jrandrango ,846.0
1877,mamalacatus ,843.0
2417,paula lituma 05 ,835.0
558,danielaabad ,834.0
191,andreaisabelcastillo ,832.0
26,acoba ,829.0
1706,lesliejim ,827.0
2795,valeloayza21 ,819.0
421,cecilia cruz ,816.0
16,abigail lara2 ,812.0
255,anleal ,811.0
2458,pjsalinas2 ,806.0
859,estefanyrivera ,801.0
2187,mlendara ,800.0
2151,mirelycordova ,800.0
2342,oswurg20 ,800.0
1683,lcpiedra ,800.0
1131,ingrid yagual ,799.0
998,gachiguano ,797.0
1423,jorgejimenez ,795.0
1751,lmmerino ,789.0
1275,jenny coello19 ,788.0
1328,jhovymar3 ,786.0
966,gabriela vea ,784.0
2298,nipaguay ,781.0
327,brigitte 21 ,780.0
910,fernandaqflores ,776.0
2566,rosariogg ,772.0
1332,jhuliana campoverde 10 ,766.0
2142,mijacome1 ,763.0
1878,mamileo ,763.0
2376,paolaapolo ,761.0
50,aepaguay ,760.0
792,elenabaldeon1 ,759.0
170,andre92 ,756.0
2365,pamelaendara ,754.0
1960,mariavillalta ,753.0
1191,jalavanda ,752.0
1692,lelunavictoria1 ,745.0
178,andrea serrano ,743.0
2348,pablodanielcuevagonzalez ,741.0
1021,geraldinegualotuna ,737.0
2319,nuryramon ,737.0
2559,rosa del campo ,735.0
1929,mariabelenbenitez ,735.0
1376,jocelyneruiz2017 ,733.0
1038,gilda29 ,732.0
2058,mccoello2 ,730.0
2733,suarezm ,728.0
512,cristianp ,727.0
948,franklyn1970 ,726.0
1484,juangonzalez ,722.0
625,daymar ,721.0
919,fernandojc ,716.0
229,angelaelizabethbarandica ,714.0
1424,jorgemasaco ,714.0
1059,glpiedra ,712.0
148,ana avila9 ,710.0
662,diana munoz 20 ,709.0
589,darwinjramonrodri ,708.0
1833,macarena ,708.0
2184,mlalvarez10 ,708.0
2696,sofiavaras ,705.0
569,danielaverdugo ,704.0
1648,kr 17 ,700.0
1938,mariafernandaochoa ,695.0
2618,santiago chiluisa ,695.0
1314,jessyaguilar ,693.0
1066,gonzalo7 ,691.0
862,estevancha ,690.0
1686,ldcosta ,688.0
1115,hmurgueytio ,688.0
123,alisson moreno1 ,687.0
361,carlaromero ,683.0
1595,katty c ,681.0
21,abrahambebe13junio ,679.0
2477,priscilaperalta ,678.0
2479,priscillaperalta ,675.0
1825,ma quinonez 2 ,674.0
1487,juankarlos ,671.0
903,fernanda sauca ,670.0
636,ddmontano ,668.0
1499,juliethe jaramillo ,668.0
1770,lourdes eguiguren ,663.0
1217,javiercalzada56 ,662.0
1076,gtangamarca ,661.0
506,cristian vaca ,661.0
1361,jmchaves ,660.0
1101,henrynamicela ,659.0
774,eenavarrete ,658.0
2682,sjtigsilema ,656.0
1211,jasalinas8 ,656.0
2638,sdgabriela ,650.0
2400,patriciajaramillo ,648.0
1805,luisfernando ,648.0
645,denissecardenas ,645.0
912,fernandavivanco ,644.0
2912,ximenaann ,641.0
667,dianacaro ,639.0
1054,gladys herrera ,639.0
1503,julissadelcarmen ,638.0
1800,luiscevallos ,636.0
788,ejchavez7 ,635.0
427,celiaheras ,633.0
1215,javaldivieso1 ,633.0
1562,karlaggonzalez ,632.0
1935,mariaemilia ortiz ,631.0
432,cesaramay ,631.0
465,cinty89 ,630.0
973,gabrielaguagrilla ,629.0
125,aljimenez3 ,627.0
2430,paulinayaguana ,627.0
1941,mariajosemena ,627.0
2864,vivi96 ,627.0
126,allisonduarte ,625.0
2335,ortizcinthya ,623.0
797,eliandrade ,619.0
617,dayanamatapuncho ,619.0
2548,rolands ,614.0
1701,leonelaacurio ,612.0
2180,mjpozo3 ,611.0
872,evelynchamba ,611.0
2463,pmminuche ,610.0
2825,verogomez ,604.0
1617,kemurillo1 ,603.0
989,gabyerazop ,601.0
2103,mesarango9 ,601.0
1682,lcpacheco1 ,598.0
1099,henry ortega ,598.0
2130,michellesanchez ,596.0
2928,yadirapacheco ,596.0
791,elena ochoa ,593.0
1097,helen narvaez ,592.0
430,ceolvera ,592.0
1548,karenyepez ,591.0
2226,mrbonilla ,590.0
2207,monseherrerai ,590.0
2506,reaguirre2 ,589.0
2820,vega ,588.0
1766,lorenacarrillo ,588.0
905,fernandachamorro ,586.0
2750,taniavivanco ,586.0
702,diegopambi ,585.0
835,erickacueva ,584.0
2015,marylee ,583.0
2389,patito ,579.0
369,carlosbarrazueta ,579.0
952,freddypruna ,578.0
2235,mtarmijos1 ,578.0
2242,nadyanaranjomolina ,577.0
519,cristinabustamante ,575.0
824,emmagracielavega ,574.0
1574,karosteania ,573.0
2327,oicupichamba ,571.0
671,dianaelizabeth ,571.0
1917,maria barreto ,570.0
290,bdvillamagua ,569.0
595,davidaguilar ,564.0
2938,yayitacuenca ,564.0
2808,vanessa ,563.0
2096,mercyc ,563.0
1374,jocefer1 ,562.0
2741,symosquera ,561.0
347,cacarvajal3 ,560.0
371,carlosconstante ,560.0
2805,vane ,559.0
2786,trojas8 ,558.0
1385,joffreroman9 ,558.0
1835,macisnelarrea ,557.0
254,anitatapia ,557.0
2421,paulaherrera ,554.0
388,carmen chafla ,550.0
767,eduvillalta ,548.0
1605,kc loaiza ,548.0
2526,rkportilla ,547.0
1014,geordi ,545.0
2117,mgpchicaiza ,543.0
751,ecperez2 ,542.0
2486,psvillafuerte ,542.0
1918,maria cristina ,541.0
957,fssandoya ,541.0
508,cristiancango ,541.0
2267,ncaucatoma ,540.0
715,dlaguilar ,539.0
9,aaherrera3 ,539.0
2453,pilirodriguez ,538.0
81,alejandraagama ,538.0
1063,gmteran2 ,537.0
2007,martharivera ,536.0
627,daysygaona ,536.0
375,carlosjulio ,536.0
2827,veronica ,533.0
379,carlosordonez ,533.0
2013,maryjimenez ,531.0
2900,wilson ,530.0
490,cpchalen ,528.0
963,gabitaortega53 ,526.0
2101,meryfreire ,525.0
1620,kerly torres ,525.0
1349,jkcastillo ,522.0
189,andreaespinoza ,520.0
1651,kuri 10 ,520.0
2861,vinibe ,519.0
1142,irmaalmachi ,517.0
2152,mireyadelrocio ,516.0
1050,gissella ,515.0
2575,rouss ,513.0
1549,karina alvarado26 ,511.0
1804,luisespinoza ,511.0
1242,jderreyes1 ,511.0
1696,leo caicedo ,510.0
193,andrealassor ,510.0
1528,karamirez9 ,509.0
1907,marco galarza ,507.0
2150,miogono ,505.0
902,fercho ,505.0
1988,mariu ,505.0
2757,tatiana23 ,504.0
665,dianaarcos ,503.0
484,cmvega3 ,503.0
199,andreasuarez ,502.0
2336,oscar tapia ,501.0
98,alexanderpaladinez ,501.0
1453,jpfactos ,500.0
2512,remite ,500.0
2581,rpsagnay ,499.0
2787,trzumba ,499.0
866,eugenia lituma 17 ,498.0
2360,paitoflores28 ,498.0
2124,michaelcastillo ,497.0
580,danny gutierrez ,497.0
807,elizabethguanuche ,491.0
929,flavio ,490.0
1060,gmalvarado5 ,489.0
118,alexoncampoverde ,489.0
639,decastro4 ,488.0
1198,janethdelacueva ,488.0
1649,krbalseca ,486.0
781,egjurado ,486.0
1790,luis david leon serrano ,486.0
1307,jessicalizaldes ,486.0
1769,lorenitacuenca ,485.0
915,fernando castillo26 ,484.0
546,damaris ,484.0
1305,jessicaibarra93 ,484.0
24,acaicedo2 ,483.0
2228,mrmarquina ,483.0
1378,joed ,483.0
661,diana lloay ,480.0
2684,sknife ,480.0
721,dmmena ,479.0
940,franciscor ,479.0
2350,pabloinga ,479.0
1916,mari sol ,472.0
2062,mcmelo ,470.0
2055,mcayala2 ,470.0
1288,jesseniarodriguez ,470.0
606,davidrod ,469.0
2159,mishelcarrion ,468.0
679,dianapuetate ,468.0
111,alexandrauday ,468.0
2963,yomasu ,468.0
2121,mibustillos ,468.0
2258,nathaly76 ,465.0
489,cparcaya ,464.0
2716,stalinsidel ,463.0
747,ebfernandez ,460.0
2863,vivi ,458.0
1254,jecabrera6 ,458.0
1709,lfalvarez2 ,456.0
983,gaby salazar ,455.0
345,c andres ,455.0
1259,jeesica vasconez ,455.0
67,ajflores6 ,453.0
1256,jecarreno ,452.0
1416,jorge ,452.0
876,evelynsornoza ,449.0
1553,karinabustamante ,448.0
201,andreatorres ,447.0
533,cvolave ,447.0
1808,luislojan ,447.0
1282,jesalas1 ,446.0
2972,yumeyalmeida ,446.0
2444,peanazco ,444.0
2502,raymialvarado1999 ,444.0
880,fabianab ,443.0
1513,jvpalomeque ,440.0
2204,monicaushca ,439.0
964,gabogabriel ,439.0
32,admalla ,438.0
69,akemy ,437.0
2407,patto ,437.0
1040,gina salazar ,437.0
307,bibianam23 ,437.0
1710,lfchamba1 ,437.0
1672,lauragarzon ,436.0
2474,priscilajara ,435.0
2777,thalia93 ,435.0
2940,ycgonzalez1 ,433.0
2690,smpoma ,432.0
146,amuiz ,432.0
2725,stellaramrom ,432.0
252,anitar1683 ,431.0
2441,pbsabando ,431.0
2578,roxiguaycha ,426.0
2635,scmonroy ,426.0
510,cristianjose ,425.0
976,gabrielaor ,424.0
1111,hilda ,423.0
861,estefy ,423.0
48,aemorales1 ,421.0
8,aaespinel1 ,421.0
1831,mabelak ,419.0
816,emiagua ,419.0
200,andreatoledo ,417.0
2311,noralmavera ,416.0
1814,luzcolumba ,415.0
2072,mechita64 ,415.0
2829,veronica zambrano ,415.0
2902,wserna ,415.0
2754,tatiana pardo75 ,415.0
854,estefaniab92 ,415.0
2078,melanniemoreira ,413.0
2608,sanchez29 ,413.0
467,cisne angamarca ,411.0
640,decordova4 ,411.0
1478,juanbucheli ,411.0
594,david vaca ,411.0
2774,tessa17 ,411.0
1496,juliamatovelle ,408.0
1771,lourdesbenitez ,408.0
2797,valeria cabrera ,407.0
570,danielcalva ,407.0
2594,rvictoria ,406.0
578,dannicrespo ,405.0
2028,mauri 10fb ,405.0
386,carloszapata ,404.0
96,alexanderacaro ,403.0
186,andreacarrion ,403.0
2593,rvguarderas ,402.0
1007,gcfernandez ,402.0
2946,yesseniacruz ,401.0
2789,vaaltamirano1 ,400.0
1552,karina94 ,399.0
2551,romeliaperezt ,399.0
1590,katherinz ,398.0
2886,w1ls0nsal1nas ,398.0
352,caotchris ,397.0
2346,pablo685002 ,397.0
2707,sonianaranjo1205 ,394.0
2136,miguel ,394.0
1597,kattycuesta ,393.0
2636,scvire ,392.0
2218,mpespinosa3 ,392.0
2052,mbburi ,391.0
1157,ivancarrillo13 ,390.0
2443,pcgomez ,389.0
2162,mishelltefy ,389.0
1073,grgalvez ,388.0
1618,kenniaj ,386.0
198,andreasiguenzap ,386.0
1765,lorenac ,385.0
36,adrianaangamarca ,385.0
782,egleon2 ,384.0
1417,jorge angamarca ,384.0
2275,nellymalo ,383.0
2194,mocasana ,383.0
1631,kfvinueza ,383.0
2157,miromo ,382.0
2767,tdabad ,381.0
2488,pvelez ,378.0
1516,jxsanchez2 ,378.0
1452,jpacurio ,378.0
1948,marianaranjo ,377.0
1154,italomorochp ,376.0
514,cristianrea ,375.0
576,danilodiaz ,374.0
2869,vivianparraga ,372.0
2617,sandy75 ,371.0
2862,virginiasolano ,371.0
2874,vmjaramillo6 ,371.0
801,eliza28 ,371.0
1705,lerobalino1 ,370.0
1886,maosorio2 ,369.0
1216,javier1975 ,369.0
820,emilyloayza ,368.0
1345,jjcordero ,368.0
1182,jacuyachamin ,368.0
439,cflopez4 ,368.0
1677,lbsanchez3 ,368.0
2681,sjipial ,368.0
1658,lady gaibor ,368.0
85,alejandro93 ,366.0
14,abied ,366.0
1404,joicevillacreses ,366.0
1064,gmtorres ,365.0
2306,nohela salinas ,365.0
887,faby130293 ,362.0
970,gabrielacaguilar ,361.0
1676,lbpena31 ,360.0
1707,leslyramos ,359.0
557,daniela escobar26 ,358.0
341,byron allauca ,358.0
2422,paulajs 94 ,358.0
1684,lcsanchez5 ,357.0
291,beatrizgarcia ,357.0
924,fgbarrera ,357.0
1961,mariavillalta96 ,356.0
354,capulley ,355.0
2198,monica ,354.0
147,ana 1991 ,354.0
209,andres2017 ,352.0
2936,yanelireyes ,351.0
1172,jacksonespinoza ,351.0
1829,mabarragan5 ,351.0
690,dianys ,350.0
100,alexandra a ,350.0
2408,patty alvarez ,350.0
2553,romirivas ,350.0
2113,mfjimenez10 ,349.0
440,cfmendoza2 ,348.0
575,danieltapia00 ,348.0
730,dorismuso ,347.0
756,edi 7 ,347.0
1884,manuelarturo ,346.0
1475,jsot ,345.0
51,aequito ,345.0
1269,jennifer jimenez ,344.0
1584,katherine18 ,344.0
402,carolinaloayza ,344.0
1572,karoljimenez ,344.0
551,danethgalarza ,343.0
1857,magiolivo ,343.0
1777,lucas jairo ,342.0
1143,irmacalahorrano ,342.0
758,edison barrera ,339.0
2557,ronni paz ,338.0
246,anita belen ,338.0
2926,yadirajimenez ,337.0
729,dorisjaya22 ,336.0
1892,marce ,335.0
289,bcelinda ,335.0
1273,jenniffer farfan ,335.0
1970,maricisne1607 ,335.0
2273,nelivie ,335.0
714,djsanchez5 ,335.0
2906,xaviergarcia ,335.0
2558,rosa ,335.0
2315,npbaez ,334.0
763,eduardo ,334.0
486,cneiraguerrrero ,333.0
103,alexandradiaz ,333.0
359,carlajarrin ,333.0
281,asvargas ,333.0
2183,mkpenzo ,333.0
443,cgvillarreal ,331.0
296,belensevilla ,330.0
1687,ldquezada4 ,330.0
143,amrueda1 ,330.0
2067,mdpantoja ,330.0
2891,wegallardo ,329.0
2148,miltonvaldez ,329.0
2919,ximvelez ,327.0
2745,tania ,327.0
2509,rebecarios ,326.0
1223,jcbenalcazar ,326.0
349,camilex ,325.0
177,andrea roman9 ,325.0
2,1997 ,325.0
116,alexjhis93 ,325.0
904,fernandaalvarez ,323.0
2411,paty84 ,323.0
1510,jvarciniega ,323.0
1564,karlas ,322.0
231,angelcerda ,322.0
2217,mpcoronel3 ,322.0
2663,silvana ,321.0
2800,valeriacuesta ,321.0
1181,jacquelinesuarez ,321.0
918,fernandoguascolleante ,320.0
105,alexandraguarochico ,318.0
344,byronxavier ,318.0
1642,kmry ,317.0
2359,paito ,316.0
73,alberto1174 ,316.0
677,dianaortiz ,316.0
2414,patyta ,316.0
2830,veronicachango ,316.0
764,eduardo belalcazar ,316.0
2773,teresaza 75 ,316.0
1239,jctorres17 ,316.0
1515,jxrodriguez1 ,314.0
1937,mariafernandadavila ,313.0
2802,valeriaquichimbo ,313.0
1350,jkfajardo ,313.0
1596,kattybaez ,312.0
161,anaj ,312.0
663,diana vidal ,311.0
423,cecilialeon ,311.0
1126,indirasalazar ,308.0
2983,zrllanos ,308.0
169,ander rivera ,308.0
1381,joeltorres ,307.0
2074,meguerrero9 ,307.0
666,dianacalderon ,307.0
1100,henrylc7869 ,307.0
1421,jorgecana ,304.0
2366,pamelaluna ,304.0
891,fatimaisabel ,303.0
742,eamartinez3 ,303.0
2520,ricardots ,303.0
2293,nicoreyes64 ,302.0
530,curso2016 ,301.0
2574,rous janeta ,301.0
556,daniela duque ,301.0
1463,jpsanchez ,301.0
1999,marjoriequito ,301.0
2464,pmorejon ,301.0
2451,piera0807 ,301.0
802,elizabeth 23 ,300.0
2171,mjcarrera12 ,299.0
1720,lilianag ,298.0
2188,mmacas ,298.0
419,cecibelcoronel ,298.0
2772,teresapatino ,298.0
2199,monica tapia ,297.0
348,cagordillo ,297.0
250,anitagabriela95 ,297.0
656,dgloaiza1 ,296.0
2514,resalinas1 ,295.0
2607,san 2213 ,295.0
911,fernandarosero ,295.0
1538,karenchitabb ,294.0
565,danielahenriquez ,294.0
2962,yomairasoto ,294.0
2723,stefany s o ,291.0
870,evangelina ,291.0
838,erika11116 ,291.0
520,cristinacastro ,291.0
956,fridita ,290.0
937,fmmora2 ,289.0
1461,jpportilla ,288.0
670,dianacumbicus ,288.0
1079,guidovargas ,288.0
827,empena1 ,287.0
433,cesardavid ,287.0
888,fahidalgo ,286.0
2304,noemitoalongo ,286.0
2686,sleidype ,285.0
2176,mjpenaloza2 ,285.0
2740,sxtp1006 ,285.0
1952,mariangeles ,284.0
236,angelicamaria ,283.0
1900,marcepoma ,282.0
2301,njeo ,282.0
646,denissemadinya ,281.0
2272,nelisall ,281.0
1189,jairoramiro ,281.0
1747,lmenriquez3 ,280.0
22,abrojas2 ,280.0
1898,marcelocaicedo ,279.0
1529,karelly 18 ,278.0
511,cristianjumbo123 ,278.0
2494,rafavinueza ,278.0
2821,velasco ,277.0
2089,merce2780 ,277.0
23,abroman ,276.0
355,carina segovia ,276.0
1678,lcgomez1 ,275.0
1116,holger marcelo ,274.0
245,anita ,274.0
316,bmgarzon ,273.0
2482,prshinin21 ,270.0
2801,valeriafernanda ,270.0
2560,rosabalseca1 ,269.0
2665,silvana espinoza ,269.0
1387,johalazo ,269.0
2981,zairy ,269.0
385,carlosvillavicencio ,269.0
2050,mayramonta ,269.0
609,davidvalle ,268.0
2343,pablinrobalino ,268.0
1866,majito ,267.0
2049,mayramedina ,267.0
1209,jarodriguez21 ,267.0
1140,irlandamar ,267.0
2975,yuridia valladares ,266.0
2114,mfmora10 ,266.0
1978,marilyn246 ,266.0
524,cristinasilva ,265.0
1508,jurayaguilar ,265.0
1078,guido vega ,264.0
2143,mikitoledo ,264.0
2221,mpmoreira2 ,264.0
2344,pablo andrade ,264.0
1812,luxito10 ,264.0
834,eri123 c23 ,263.0
1624,kerodriguez2 ,263.0
1403,johny ,262.0
2969,yulissa chocho ,262.0
2302,nmjimenez2 ,261.0
1966,maricela08 ,261.0
1249,jeanmosqueraj ,261.0
2654,sesegovia ,260.0
1855,magdysandoval ,260.0
1220,javierveloz ,259.0
2483,psantander ,259.0
1161,ivansd ,259.0
1717,ligia andrade ,259.0
172,andrea 94 ,258.0
2281,nestoraucay ,258.0
610,davidzapata ,258.0
2002,martha ,257.0
1409,jonathanbuele ,257.0
2008,martharojas ,257.0
1365,jmmorales ,257.0
1482,juandiegolopez ,257.0
986,gabycanizares ,256.0
2141,miguelmorocho13 ,256.0
1068,gpinaguazo ,255.0
41,adric ,254.0
822,emix1983 ,253.0
2308,nohelyencalada ,253.0
2672,silviaalexandra ,253.0
1362,jmenriquez ,253.0
2312,norgelomen ,253.0
1517,jygomez ,252.0
813,elsyg ,252.0
628,dbbenavides ,252.0
1874,majosechasi ,251.0
1931,mariachambap ,251.0
2844,vgvictor ,250.0
2119,mhulloa ,250.0
2726,stephanie navas1 ,248.0
2810,vanessacuenca ,247.0
350,camoncayo ,247.0
1008,geanalej ,247.0
873,evelynloor ,247.0
648,derodriguez7 ,246.0
621,dayanaveintimilla ,246.0
464,cinthya mendoza ,246.0
2511,reloco ,245.0
2683,skintriago ,245.0
1933,mariadelcisnemosquera ,245.0
1774,lrgarcia4 ,244.0
25,achicasadobay ,244.0
2643,segundor ,244.0
825,emmavalarezo ,244.0
1512,jvcarreno ,244.0
2859,victorrivera ,243.0
294,belenciita319 ,242.0
212,andrescastro29 ,242.0
1010,gearevalo5 ,242.0
1290,jessi valdivieso ,241.0
1591,kathycordova ,241.0
2762,tatianasandoval ,241.0
384,carlosvicente2 ,241.0
614,dayalowndes ,240.0
1330,jhtillaguango ,239.0
577,danimorillo97 ,238.0
2718,stefania leiva ,238.0
2785,tony chang 06 ,238.0
78,aleja aguilar ,237.0
444,chamik1977 ,236.0
1399,johnanna ,236.0
2843,vgponce1 ,235.0
40,adrianbustamante ,233.0
1972,marielaponce1980 ,233.0
1024,gfdavila ,233.0
44,adryrivera ,232.0
2047,mayragaona ,231.0
1881,manarvaez14 ,230.0
473,claudiacancan ,230.0
2958,yncampoverde1 ,230.0
1727,lisseth gabriela ,230.0
1070,graceintriago ,230.0
434,cesarleon ,229.0
228,angela hidalgo ,229.0
2332,omarquezada ,228.0
567,danielateran ,228.0
2700,solangechica ,228.0
601,davidjumbo ,226.0
195,andreamontalvo ,226.0
1159,ivannacalderon ,225.0
629,dcfrias ,225.0
1043,ginnapineiros ,225.0
2650,serenagp ,225.0
481,cmnicola ,224.0
2765,tatisarango1 ,223.0
1583,katherine0395 ,223.0
1091,hashleygishel ,223.0
1430,jose ramirez ,222.0
1940,mariajose regalado ,222.0
1925,maria1100 ,222.0
534,cvsarabia ,222.0
990,gabykastillo ,221.0
2595,rvluna ,221.0
2666,silvana herrera ,221.0
2392,patolin ,221.0
971,gabrielacf ,221.0
1693,lemendoza2 ,220.0
2807,vanepatino ,220.0
771,edwinvinueza ,220.0
1440,josemorales ,220.0
688,diank95 ,220.0
2465,pmsalcedo ,219.0
1644,kotita ,218.0
2612,sandracusco ,218.0
1700,leonel94 ,218.0
1003,gaojeda3 ,217.0
2232,mselizalde ,216.0
1598,katvanegas ,216.0
2710,soraya1966 ,215.0
1192,jamaldonado ,215.0
1858,magonzalez16 ,215.0
1128,inesalejandra ,215.0
2633,saulmorales ,215.0
2385,paolavidal ,214.0
2026,mau ,212.0
1981,marisolandrade ,211.0
410,catyzhin ,211.0
1547,karenprin ,210.0
2128,michellecastro ,209.0
2819,vearias ,208.0
518,cristinaadry ,208.0
2396,patriciacabrera ,208.0
1543,karenmaldonado ,207.0
1867,majitobarberan ,206.0
1071,gracejara ,206.0
2674,silviapabon ,206.0
1200,janethrobles93 ,206.0
409,cathysalinas ,206.0
2220,mplopez11 ,205.0
1441,josepicuasi ,205.0
2793,valdivieso96 ,204.0
2889,waldo03 ,204.0
1723,liliatoscano ,204.0
1028,ggnarvaez ,204.0
2467,pozo ,204.0
395,carmi vlsc ,203.0
1895,marcelo 2014 ,203.0
2897,willianpaillacho ,203.0
2576,roxana ,202.0
1962,maribel ,202.0
2358,paferrin ,201.0
1058,gloriavaca ,201.0
999,gaespinosa1 ,200.0
1017,geovanny bravo ,200.0
1534,karen salazar ,199.0
632,dcmorocho5 ,199.0
1090,haidyocampo ,199.0
1733,lizbeth ,199.0
649,desanchez6 ,198.0
1611,kearguello ,198.0
2899,wilmer 92 ,197.0
2713,sraguilera ,197.0
653,dfhidalgo ,197.0
2229,mrpaccha ,196.0
92,alex fernando ,194.0
1967,maricela1996 ,194.0
2073,mefr10 ,192.0
2781,tinkytaes ,190.0
321,brauliosongor ,190.0
2317,nrosario torresvaldez ,190.0
131,alybravo ,189.0
239,angieguaman ,189.0
1490,juanpi1971 ,189.0
1148,isabele ,188.0
2276,nelsonnarvaez ,187.0
687,dianis ,187.0
2316,npdominguez ,187.0
370,carloscarvajal ,187.0
1873,majose01 ,187.0
1326,jhonnyantonio ,186.0
2637,sdcalderon1 ,186.0
2019,maryvinueza ,185.0
260,anymejia ,185.0
2759,tatianaluzuriaga ,184.0
1752,lmorozco1 ,184.0
2481,prissalazar ,183.0
2708,sonitasg ,183.0
778,efquevedo ,183.0
2354,pablosimancas ,182.0
39,adrianaontaneda ,182.0
1942,mariajoseoviedo ,181.0
623,dayannaponce ,181.0
1367,jmpin ,181.0
2555,ronald lopez ,181.0
2779,thaliabravo ,181.0
2847,vicbacig ,181.0
2039,may padron ,180.0
909,fernandapesantez ,180.0
786,ehitelc ,180.0
1001,galodanilo ,179.0
2814,vanetapia ,178.0
1520,kaecore ,177.0
1606,kchorro1110 ,177.0
1535,karen88 ,177.0
2471,priscila pozo ,176.0
235,angelicalizaldez ,175.0
2856,victormontenegro ,175.0
2782,tjrosero ,174.0
1460,jpordonez12 ,174.0
752,edbalcazar ,173.0
461,cindycalva01 ,173.0
1025,gfhuaca ,173.0
226,andyquilismal ,173.0
1587,katherineprocel ,172.0
2147,miltonjimenez ,172.0
243,anibalcastillo ,171.0
2497,raqueltoledo ,171.0
124,alito8a ,171.0
376,carlosmacas ,171.0
1737,lizleon ,170.0
62,ahgonzalez ,170.0
2277,nelsonparedes ,169.0
188,andreadavila ,169.0
1044,ginogalarraga ,168.0
2537,rociocaiza ,167.0
1057,gloriagudelia ,167.0
459,cindy bolanos81 ,167.0
1818,lvsanchez5 ,166.0
2042,maybell ,166.0
2375,paolaaguirre ,166.0
1533,karen rios ,165.0
2381,paolamorales ,165.0
2977,yvojeda ,164.0
1130,ingrid cp ,164.0
2020,masanchez19 ,164.0
2425,paulatagua ,163.0
637,ddrios ,163.0
2259,nathalyestefania ,163.0
2478,priscillacaraguay ,163.0
2556,ronaldpalma ,163.0
2507,rebecadavila ,162.0
2937,yaritocastro ,162.0
879,ewpincay ,162.0
615,dayana 1507 ,161.0
1026,gftorres ,161.0
1426,jorgeromero ,161.0
1863,maidrobo ,161.0
893,fausto villavicencio ,161.0
2495,raloor6 ,160.0
1394,johannamaldonado ,159.0
2098,mercymazzini ,159.0
709,diositaochoa ,159.0
2547,rojasfredy ,159.0
2771,teranviviana ,158.0
2116,mgorellana ,157.0
800,elisa lopez ,157.0
1675,lauratucanes ,157.0
2534,robertoalfredo81 ,157.0
1622,kerlydenisse ,157.0
995,gabyta 29 ,157.0
476,clauval18 ,157.0
2887,waandino ,156.0
2979,yyolmedo ,156.0
865,eugenia 85fuentes ,156.0
2930,yaha ,156.0
249,anita vivas ,155.0
1485,juanitanunez5 ,155.0
1222,jbgarcia3 ,155.0
592,datorres14 ,155.0
2927,yadirams ,155.0
441,cgabyruiz1 ,155.0
1560,karla carrion ,154.0
299,beochoa ,154.0
1789,luis alava ,153.0
7,aabenitez2 ,153.0
1094,hcpozo ,152.0
1986,maritzachalan ,151.0
2855,victoria robles ,151.0
2554,romulomt ,151.0
27,acpozo1 ,151.0
2949,yessi ,151.0
2123,michael granda ,150.0
1894,marcela jaramillo2 ,150.0
846,ernel ,149.0
826,emmendez ,149.0
1022,gerson11 ,149.0
363,carlos bustamante ,148.0
1178,jacque ,148.0
1702,leonelarivadeneira ,147.0
2434,pauly ,147.0
196,andreamorocho ,146.0
2290,nicolefebres ,145.0
2035,mavalverde5 ,145.0
1295,jessica24pacheco ,145.0
2838,veronicavaalarezo ,145.0
2951,yessmena ,145.0
2589,rubi ,144.0
1109,hhconstante ,144.0
2069,mebalcazar1 ,144.0
1353,jldominguez3 ,144.0
2031,mauriciomorillo ,144.0
965,gabriela rosario ,144.0
1540,karenjaramillo24 ,143.0
1096,heidy bravo ,143.0
2645,selma espinoza ,143.0
72,alalvarez3 ,143.0
1976,marieliza22 ,143.0
1398,john azogue ,142.0
2345,pablo2112 ,142.0
1934,mariadiaz ,141.0
669,dianaceli ,141.0
2956,ylobando ,141.0
1639,kmluzuriaga ,140.0
176,andrea robles ,140.0
700,diegomurito ,139.0
2602,samanta maldonado ,139.0
1526,kamendoza ,139.0
1511,jvbustamante ,139.0
1055,glenda lucia ,139.0
2835,veronicaprada ,138.0
1565,karlita ,138.0
2322,ocbravom ,138.0
1729,lissette tigrero ,138.0
2010,mary ,137.0
2532,robert mora ,137.0
2929,yadycarvajalb ,137.0
221,andrewmc006 ,136.0
2599,sadiaz1 ,136.0
1180,jacquelinemunoz ,136.0
1845,maeunice ,136.0
2164,mishu samaniego ,136.0
1646,kpmeneses ,136.0
2934,yalile ,136.0
2588,rubennaula93 ,135.0
1810,luisortiz ,135.0
1395,johannamurquincho ,135.0
2115,mfvelasco ,134.0
812,elsajimenez ,134.0
1177,jackyvilla ,134.0
2268,nccaraguay ,133.0
2627,sara ,133.0
1711,lfgordillo1 ,133.0
136,amigarcia93 ,133.0
466,cintyayadira ,132.0
491,cpmartinez1 ,132.0
735,drvallejo ,132.0
550,dandradem ,132.0
387,carme ugsha ,132.0
1348,jjzapata3 ,132.0
2436,paulyanarumba ,132.0
2542,rodrigoflores ,132.0
922,fernandosanchez ,131.0
840,erikagor ,131.0
2664,silvana 0304 ,131.0
2947,yesseniamedina ,131.0
240,angiezavalac ,130.0
2629,saranaranjo ,130.0
1344,jimmysalazar ,130.0
2668,silvanarosero ,130.0
2189,mmbustamante6 ,130.0
1016,geovannavillagomez ,129.0
1106,hernansantiago ,129.0
748,eccosta1 ,129.0
1124,ilianaflores ,129.0
2675,silviarios ,129.0
755,edgarconstante ,129.0
1757,loja giovanny89 ,129.0
1762,lorenaarmijos ,128.0
2586,rtocain73 ,128.0
2746,tania 23 ,128.0
2459,pkarevalo ,127.0
713,djloor1 ,127.0
757,edisdavila ,126.0
2191,mmeza ,126.0
2631,sarita57 ,126.0
1992,mariuxipaola ,126.0
2824,verocevallos ,126.0
561,danielabecerra ,125.0
2705,sonia tibanlombo ,125.0
809,elizabethortiz ,125.0
593,davelastegui ,124.0
682,dianatarambis ,124.0
1521,kaelizalde ,123.0
1000,galapaguitos ,123.0
218,andresrojasl ,123.0
2032,mauriciopilco ,123.0
914,fernanditatenorio 87 ,123.0
871,evelinchavez ,123.0
743,eamorocho1 ,122.0
1796,luisam ,122.0
877,evelynunuzungo ,122.0
968,gabrielabustamante ,121.0
64,aidecalva ,121.0
829,eneida gonzalez ,120.0
712,djgarzon ,120.0
897,felipecarrasco ,120.0
1985,maritzabasantes ,120.0
1636,kmberru ,120.0
2851,vicoojeda ,119.0
2330,omar15 ,119.0
216,andrespaucar ,119.0
43,adrygalarza ,119.0
2673,silviacj ,119.0
164,anamariagonzales ,118.0
184,andreabenitez ,118.0
2460,pkcueva ,118.0
2012,maryjaramillo ,117.0
2214,mparrieta ,117.0
1232,jcramon6 ,117.0
2470,ppvera1 ,117.0
1758,loleon1 ,117.0
2865,viviana ,117.0
2288,nicole narvaez ,117.0
2585,rsrealpe ,117.0
867,eujapon ,116.0
57,afveliz1 ,116.0
2685,slastudillo ,115.0
2129,michellereyes ,115.0
11,aasanchez8 ,114.0
2155,mirianrueda ,114.0
2449,pfruales ,114.0
2616,sandry ,114.0
2538,rociomanchay ,114.0
2361,pamela toapanta ,113.0
933,florpatinio ,113.0
1792,luis ordonez ,112.0
1734,lizbethcriollo ,112.0
727,domenicacarrion ,112.0
1325,jhonnunez ,112.0
213,andresdiaz ,112.0
308,bichalan ,112.0
2362,pamela23 ,112.0
1811,lulusa ,111.0
1897,marcelo02 ,111.0
509,cristiandelacadena ,111.0
2201,monicaelizabeth ,111.0
526,cristobaltorres ,109.0
61,agustinruiz ,109.0
500,crisrivas ,109.0
1391,johanna galv94 ,109.0
2041,mayafer ,108.0
853,estebanparedes ,108.0
2314,noryvera ,108.0
2909,ximena ,108.0
1640,kmoya24 ,108.0
2580,roymendez ,108.0
1713,lgcabrera2016 ,108.0
711,dixonperea ,108.0
2689,smlucero ,107.0
720,dmestrella ,107.0
2939,yccordova ,107.0
2377,paolacambizaca ,107.0
2524,rit galan ,107.0
1991,mariuxicartuche ,107.0
1775,ltaleman ,106.0
1450,josuecastillo ,106.0
596,davidb28599 ,106.0
2901,wilsonllumiluisa ,106.0
1334,jhulianacruz ,105.0
588,darwinjimenez ,105.0
2337,oscar1997 ,105.0
407,casinchiguano ,104.0
1236,jcsuncha ,104.0
2731,sthefania ,103.0
1947,marianamaldonado ,102.0
1149,isabelorozco ,102.0
1056,gloriacarrion ,101.0
2364,pamelaaranda ,101.0
1821,lyomarovaco ,101.0
837,erika salazar ,100.0
2756,tatiana2014 ,100.0
1358,jltoledo1 ,100.0
2428,paulettegallardo ,99.0
1722,lilianavillavicencio ,99.0
2624,santiagoramon ,99.0
2813,vanessazambrano ,99.0
377,carlosmarquinez ,99.0
405,carolinamosqueraalejandro ,99.0
1176,jacky flores ,99.0
794,elgonzalez2 ,98.0
633,dcrivadeneira1 ,98.0
985,gabyandrade ,98.0
899,felipillo3001 ,97.0
1246,jdramon ,97.0
1715,lialtamirano ,97.0
2954,yjaguilar ,97.0
2456,pjdelgadoi ,97.0
777,efhonores ,97.0
1382,joenarvaez ,96.0
2496,ramireinz ,96.0
1338,jicharco ,96.0
2046,mayraencalada ,95.0
1167,jacarrion3 ,95.0
1253,jeavila1 ,95.0
1278,jennymajo22 ,95.0
505,cristi ,95.0
1819,lvsegura ,95.0
1048,gipinos ,95.0
1655,kyra ,94.0
2222,mportiz7 ,94.0
936,fmmaldonado4 ,94.0
1018,geovannyandres ,93.0
454,churos21 ,93.0
2303,noemi ,93.0
2822,venusmonge ,93.0
171,andrea ,93.0
268,aracellivite ,93.0
795,elianatoledo ,93.0
1663,lajaramillo5 ,92.0
2445,pepevelez10 ,92.0
68,ajimenez21 ,92.0
1112,hlcarrion ,92.0
394,carmenyunda ,91.0
2076,melana ,91.0
60,agponce 2 ,91.0
1324,jhonatan 1996 ,91.0
675,dianamontano ,91.0
479,cmagila1 ,91.0
1607,kdceli ,91.0
496,cris franco ,91.0
45,aeduran ,90.0
1569,karolcondoy ,90.0
2040,maya atiencia ,90.0
1797,luisanajara ,90.0
415,ccjimenez3 ,90.0
1498,julie ,90.0
1828,maarmijos12 ,89.0
2873,vmbarrezueta ,89.0
1915,margothangulo ,89.0
1414,jonathansuntaxi ,89.0
765,eduardoflores ,89.0
925,fgerazo1 ,89.0
732,dory ,89.0
1601,katy pullupaxi ,89.0
1647,kpozo1 ,88.0
2282,neymarin5 ,87.0
455,cialdaz ,87.0
504,cristhianrojas ,87.0
2834,veronicamacas ,87.0
1822,lyzbethcarpio ,87.0
1301,jessicacristina ,87.0
2815,vargas naula ,86.0
2530,robert carlin ,86.0
1329,jhpiure ,86.0
1834,macarhe ,86.0
322,brayanjcastillo ,85.0
1509,jvandocilla ,85.0
187,andreacg ,85.0
2091,mercedesarthos ,85.0
1343,jimmyprez ,84.0
1507,junsun ,84.0
411,cavs81 ,84.0
723,dmvalle1 ,84.0
2948,yesseniaromero ,84.0
2965,yulianareyes ,84.0
2154,mirian ramirez ,84.0
408,catalinaalava ,84.0
1946,mariana ordonez ,84.0
1437,joseloguzmanp ,84.0
483,cmszegner96 ,83.0
759,edison villarroel ,83.0
1839,madechebri92 ,83.0
1113,hmcajas ,83.0
2569,rosasuche ,83.0
2260,nathalygonzalez ,82.0
1380,joeliz ,82.0
1994,marivallejo ,82.0
1320,jgonzalez ,82.0
2090,mercedes1 ,82.0
204,andreita18 ,81.0
2140,miguelmorocho ,81.0
1660,ladychka ,81.0
1237,jctixe ,81.0
1138,intriagogarcia ,81.0
581,dannyfabian ,80.0
1832,mabelen12 ,80.0
1401,johnmarizacab ,80.0
1638,kmherrera2 ,80.0
1785,luciaarmijos18 ,80.0
2730,stgcch ,80.0
1372,jmyunga ,80.0
181,andrea85 ,80.0
2462,pmguerrero3 ,80.0
875,evelynruiz ,79.0
494,cralava ,79.0
1523,kailasantin ,79.0
2688,smgutierrez3 ,78.0
724,dnvalarezo ,78.0
2755,tatiana parra ,78.0
1846,maferfalconi ,78.0
472,claryzv ,78.0
1779,luchinmoncayo ,78.0
108,alexandrao ,78.0
2387,pasarmooc ,78.0
1153,issabedoya ,77.0
2974,yuriconforme ,77.0
2289,nicoleavellan ,77.0
823,emjumbo2 ,77.0
1494,julia ,77.0
2484,pscalle ,77.0
1527,kaona ,76.0
913,fernandita ,76.0
2501,raul oliva ,76.0
529,cscarrion1 ,76.0
1390,johanna 23041985 ,76.0
958,fvatiencia ,76.0
572,danielmedina ,75.0
1578,kateatv ,75.0
1281,jenyfer ,75.0
2790,vabolanos ,75.0
811,elsagalan ,75.0
2034,maurox ,75.0
2380,paolam ,75.0
86,alejandrocalderon ,75.0
372,carlosconza ,74.0
590,darwinjumbo ,74.0
1809,luisloor ,74.0
2913,ximenagalvan ,73.0
537,d2ny2 sarango ,73.0
1979,maripaz ,73.0
1742,llerena ,72.0
722,dmramirez2 ,72.0
1049,gisellaortiz ,72.0
2768,tdbueno ,72.0
1813,luzbravo ,72.0
1767,lorenaerazo ,72.0
253,anitariera ,72.0
1667,lamaza5 ,71.0
1616,kemontalvan1 ,71.0
2792,valascano ,71.0
2883,vsszegner ,71.0
874,evelynmunoz ,71.0
2658,shelita ,71.0
1107,hezambrano3 ,71.0
1652,kvrosales1 ,71.0
1160,ivanovalanche ,70.0
2980,zadiel ,70.0
258,antua44 ,70.0
2867,vivianachamba ,70.0
779,efrencastillo ,70.0
471,cjvan ,70.0
2811,vanessarobles ,69.0
2149,mimoncayo1 ,69.0
2137,miguel 2017 ,69.0
2699,sofyespinosa ,69.0
2489,quevedo ,69.0
1195,jamilethbrito ,69.0
917,fernandocarrillo ,69.0
1023,geveloz1 ,68.0
1921,maria granda95 ,68.0
2678,siul84 ,68.0
618,dayanamorales ,68.0
1457,jpguanopatin ,68.0
2070,mecampoverde ,67.0
1896,marcelo figueroa ,67.0
599,davidhelao ,67.0
215,andresmora ,67.0
1152,israelortega ,66.0
1772,lourdesrosero ,66.0
1838,macueva18 ,66.0
1645,kpcampoverde2 ,66.0
1502,julissa chacon21 ,66.0
680,dianasan ,66.0
1123,igpanama ,65.0
1697,leolmedo2 ,65.0
2048,mayralopez ,65.0
1568,karol molina9610 ,65.0
185,andreabustillos ,65.0
1888,mapallo ,65.0
738,dtorres ,65.0
2120,mhvaca ,65.0
2419,paulacordova97 ,65.0
2003,martha inga ,64.0
549,damorocho ,64.0
1013,geom1962 ,64.0
1280,jenpul ,64.0
47,aemedina5 ,64.0
2943,yenycalva ,64.0
2269,nchavez ,64.0
1407,jonathan bedoya ,64.0
1559,karisa ,64.0
167,anbravo2 ,64.0
2208,monyayovi ,64.0
2172,mjduchimaza ,64.0
1145,irvingualpa ,63.0
63,ahuilca ,63.0
1225,jccastillo ,63.0
140,amontesdeoca ,63.0
2857,victornieves ,62.0
2450,pgvaca2017 ,62.0
1392,johanna1 ,62.0
2960,yolandateran ,62.0
2263,natyparedes ,62.0
739,dycalva ,62.0
1415,jontaneda ,62.0
2517,ricardito21 ,61.0
2177,mjpicon ,61.0
1784,lucia660311 ,61.0
920,fernandoo ,61.0
1214,jatacury4 ,61.0
785,egtello ,61.0
1383,joffrecajilima ,61.0
1530,karemajilas ,61.0
2719,stefania pullaguari ,61.0
931,flor ,60.0
938,fpmoreno ,60.0
1603,kavaldivieso2 ,60.0
1005,gasoto1 ,60.0
2653,servio ,60.0
2519,ricardodavidmaldonado ,60.0
1944,marialejandra ,59.0
1247,jdsotomayor ,59.0
984,gaby23 ,59.0
2296,nikis135 ,59.0
1531,karen 97 ,59.0
1495,julialojan ,59.0
2679,sjchavez2 ,59.0
2852,victolan ,59.0
2210,moraimaorellanavalarezo ,59.0
1910,marcodiaz ,59.0
2261,nathalytorres ,59.0
2918,ximetorres ,58.0
942,franciscotoledo ,58.0
668,dianacastro ,58.0
1093,hbravo ,58.0
946,franklinjimenez ,58.0
2606,samy ,58.0
1027,ggherrera1 ,58.0
192,andreaj2 ,58.0
1872,majos ,58.0
2945,yessenia ,58.0
2860,villacardenas1 ,57.0
1602,katyalexa ,57.0
1669,laromero ,57.0
1279,jennytite ,57.0
230,angelamayra ,57.0
2837,veronicasaca ,57.0
1768,lorenap81 ,57.0
2525,rjpenafiel ,57.0
2374,paola montoya ,57.0
244,aniluosma ,57.0
1166,jaandrade10 ,57.0
1627,ketty ,57.0
1283,jesape1 ,56.0
53,aeviteri ,56.0
2721,stefanny renteria ,56.0
428,cemorales1 ,56.0
2097,mercycango ,56.0
2227,mrcartagena ,56.0
605,davidrio ,56.0
1062,gmllugcha ,56.0
2475,priscilam ,56.0
2300,njcarpio ,55.0
1671,laurabravo ,55.0
951,freddyp ,55.0
894,fcencalada ,55.0
17,abigail23 ,55.0
2531,robert celi ,55.0
1998,marjoriegallegos ,55.0
2694,sofiarodriguez ,54.0
2243,nahidalgo2 ,54.0
1632,kimberlylalangui ,54.0
1726,lisseth ,54.0
34,adri monroy ,54.0
1621,kerlyangulomontalvan ,54.0
745,earoman ,54.0
301,beropili ,54.0
1504,julitaavecilla ,54.0
676,dianaobregon ,54.0
381,carlostorres ,53.0
1776,ltyacelga ,53.0
1258,jedemend ,53.0
2390,pato lituma ,53.0
1983,marisolyari ,53.0
288,bbordonez1 ,53.0
119,alfonso jose ,53.0
674,dianalanchi ,53.0
1868,majitoflo96 ,53.0
1926,maria1gordillo ,52.0
708,dimaldonado1 ,52.0
2571,rose ,52.0
1187,jaintriago2 ,52.0
1875,malenita ,51.0
1704,leonorpaute ,51.0
796,elianavillaltas ,51.0
2255,natashacastro ,51.0
1666,lamatute1 ,51.0
1263,jeffersontinoco ,51.0
515,cristina ,51.0
691,diego paladines ,51.0
1980,marisafaller ,51.0
493,cpsalcedoponce ,51.0
393,carmenpatinio ,50.0
607,davidsalgado ,50.0
982,gaby 86 ,50.0
684,dianayangua ,50.0
2724,stefanyloaiza ,50.0
2492,rafaelespin ,50.0
450,chris ,49.0
2877,vpereira ,49.0
1750,lmjulio ,49.0
1493,juanverdezoto ,49.0
889,fannyreyes ,49.0
2903,xafiallo ,49.0
256,annabelita ,48.0
798,elianita2017 ,48.0
908,fernandamejia ,48.0
2783,tmtuarez ,48.0
655,dggranda2 ,48.0
1801,luiscortezc98 ,48.0
2720,stefania torres ,47.0
1760,lopeznahomy94 ,47.0
981,gabrielrey ,47.0
2334,opencampus ,47.0
2170,mjcarmona ,47.0
1557,karinasrm ,47.0
333,bryancueva ,47.0
2472,priscilafranco ,47.0
2231,msaguilar3 ,46.0
2923,yadi ,46.0
2051,mayrarea ,46.0
2552,rominaalejandraluna ,46.0
839,erikachamputiz ,46.0
996,gabyy ,46.0
619,dayanaobando ,46.0
960,gabbyperez ,46.0
1190,jalargo ,46.0
2871,vladimirarevalo ,46.0
4,4fsotomayor ,45.0
2215,mpcabrera ,45.0
1150,isabelpaladines ,44.0
271,ariana ,44.0
1264,jefuela ,44.0
1088,gyromero1 ,44.0
1793,luis94salinas ,44.0
2440,pborja88 ,44.0
1488,juanordonez ,44.0
2648,semunoz3 ,44.0
1849,maferurgiles ,44.0
694,diegoarmandomacias ,44.0
75,alborja5 ,44.0
559,danielaandrade ,44.0
326,brigitte ,44.0
1908,marco1978 ,43.0
1171,jackson ,43.0
1356,jlmolina7 ,43.0
2271,nela cordova7 ,43.0
1783,lucia pacheco ,43.0
626,dayritacm ,43.0
828,emurgiles1 ,43.0
1207,jaquimba ,43.0
2238,myriamambuludi ,42.0
2237,mvponce3 ,42.0
1500,juliocesar24187 ,42.0
2001,marlonbravo 1 ,42.0
2166,misuescum ,42.0
2064,mcvargas4 ,42.0
2437,paulyvelasco19 ,42.0
351,candy ,41.0
2357,pacuenca1996 ,41.0
1664,lalita2017 ,41.0
892,fatimaordonez ,41.0
267,apzenteno ,41.0
2266,ncatota ,41.0
994,gabyortiz ,41.0
1244,jdlbg ,41.0
844,erikc 10 ,41.0
339,bvgranda ,41.0
1623,kerlyveloz ,40.0
1169,jackelinegordillo ,40.0
436,cesarsarango ,40.0
284,avsanchez3 ,40.0
507,cristianborja ,40.0
2632,satoala ,40.0
1653,kvvelasco1 ,40.0
2373,paola chulli ,40.0
1451,jovina1 ,40.0
406,carpatcorp ,40.0
2066,mdflores1 ,39.0
2030,mauricioleon ,39.0
95,alexander diaz ,39.0
604,davidquichimbo ,39.0
128,alopez1969 ,39.0
1864,mairen r ,39.0
1371,jmvivanco ,39.0
2888,wagneronald ,39.0
2372,paola cedillo ,39.0
2294,nidia solano ,39.0
1193,jamartillo ,39.0
1575,karymoreno ,39.0
2697,sofuord ,39.0
1609,kdrosero ,38.0
695,diegocalderon ,38.0
884,fabiolamogrovejo ,38.0
227,angel dav7 ,38.0
1081,guillermovasquez ,38.0
2084,mely ,38.0
2776,thalia jimenez ,38.0
542,daguayasamin ,38.0
1852,magalyvera ,38.0
2935,yalitzasarango ,38.0
242,ani20 ,38.0
2565,rosanaludena ,37.0
2442,pbustamante ,37.0
398,carolina villacres ,37.0
1634,klrodriguez8 ,37.0
1117,homerop ,37.0
340,bxcalderon ,37.0
1183,jafernandez3 ,36.0
2647,semartinez4 ,36.0
2126,michaelv ,36.0
2292,nicolesan ,36.0
638,debbysalas ,36.0
660,diana jaramillo ,36.0
1593,katlheine ,36.0
1274,jenniffergabriela ,36.0
392,carmenme ,36.0
2405,patrijaramillo ,36.0
693,diego159 ,36.0
382,carlosulloa ,36.0
2270,ncorosco ,35.0
2970,yulissaromero ,35.0
304,bety ,35.0
1592,kathyherrera ,35.0
2139,miguelangel ,35.0
1781,lucia ,35.0
2659,sheyla ,35.0
474,claudiavega ,35.0
2849,vickypalacios ,35.0
1982,marisolsaltos ,35.0
2480,priss ,35.0
725,doloresgarcia ,35.0
1260,jeff cruz ,34.0
969,gabrielacadena ,34.0
685,dianazhunaula ,34.0
1439,joselyncarrion ,34.0
2466,pnnunez ,34.0
1474,jrsarango4 ,34.0
109,alexandrarivera ,34.0
2056,mccazar ,34.0
325,briggettequezada ,34.0
482,cmsanmartin1 ,34.0
2145,milenamatute ,34.0
2920,xiomi ,34.0
404,carolinamontenegro ,34.0
1042,ginach ,33.0
422,cecilia duque ,33.0
52,aespinoza1 ,33.0
2563,rosajimenez1996 ,33.0
2165,misssusy ,33.0
1802,luisedu ,33.0
2328,olgaflores ,33.0
2320,nwteran ,33.0
106,alexandrainga ,33.0
2386,paoly narvaez ,33.0
2848,vickyaleg21 ,33.0
571,danieldejesus ,33.0
1201,janethsita ,33.0
2878,vpquinones ,33.0
2950,yessicacabrera ,33.0
1446,josselynalvarado ,33.0
901,fercha87 ,33.0
2508,rebecaom ,32.0
1525,kalvear ,32.0
1472,jrsagnai ,32.0
555,daniela alvarez91 ,32.0
1469,jrrivera ,32.0
2305,nohe194 ,32.0
860,estefhy ,32.0
153,anabelcarrion ,32.0
2485,psmontoya1 ,32.0
2037,mave 70 ,31.0
2976,yuryko ,31.0
868,eulalialazo ,31.0
1051,gissellaroldan ,31.0
2788,ulianovaespinosa ,31.0
1297,jessicaarmijosvivanco ,31.0
502,cristhian albarracin ,31.0
1137,ingridmina90 ,31.0
1289,jessi ,31.0
1567,karol ,31.0
1589,katherinsolano ,31.0
780,egamaguana ,31.0
1514,jvpillacela ,31.0
2287,nicole frugone ,31.0
1389,johanataco ,30.0
1173,jacksonmichael ,30.0
1464,jpvelez7 ,30.0
2355,pablovelastegui1 ,30.0
2641,sebonilla2 ,30.0
2351,pablopez ,30.0
1095,hectorvilla95 ,30.0
2561,rosacondoy ,30.0
2153,miriamcumbicos ,30.0
1405,jonasomar89 ,30.0
70,akgarcia ,29.0
152,ana mina ,29.0
469,citutiven ,29.0
10,aaroncabrera ,29.0
1635,kmaguilar2 ,29.0
13,abgranja ,29.0
654,dfmejia3 ,29.0
1443,josethbustamante0722 ,29.0
1968,maricelaflores ,29.0
513,cristianramos ,29.0
1077,guadalupemendieta ,29.0
585,darioram ,29.0
460,cindybolanos ,29.0
1210,jarogel ,28.0
2722,stefany ,28.0
2251,nareyes1 ,28.0
1984,maritza ,28.0
1346,jjgarcia ,27.0
390,carmengalan ,27.0
1402,johnromero28 ,27.0
1541,karenla ,27.0
528,csbatallas ,27.0
1369,jmpulla ,27.0
1481,juandiego17 ,27.0
1298,jessicaberduga ,27.0
2610,sandra yagual ,27.0
2107,mfbenitez ,27.0
132,amadita ,26.0
2695,sofiaselene ,26.0
2197,momedina ,26.0
843,erikatuarez27 ,26.0
978,gabrielasarango ,26.0
993,gabyortega ,26.0
2075,mejaramillo ,26.0
726,domenicacalderon ,26.0
1342,jimenezjc83 ,26.0
2061,mclopez22 ,25.0
1168,jackbravo ,25.0
1522,kaide 05 ,25.0
2006,martharamon ,25.0
1386,joha14isabel ,25.0
635,ddlopez1 ,25.0
2216,mpchavez2 ,25.0
521,cristinachamba ,25.0
2925,yadira ,25.0
1600,katy caiza ,25.0
850,espiedra ,25.0
2384,paolat86 ,25.0
600,davidjimenez ,25.0
2498,raquelviteri ,25.0
356,carlacastro ,25.0
2033,mauro ,25.0
2794,valeguarnizo ,25.0
1497,juliaromero ,25.0
1712,lgalcivar1 ,25.0
1104,hernancho ,25.0
808,elizabethguillen ,24.0
2185,mlarcos1 ,24.0
1245,jdramirez3 ,24.0
2017,marytzacastaneda ,24.0
1674,lauratorres ,24.0
317,bmreinoso1 ,24.0
1293,jessica minga ,24.0
277,asapolo ,24.0
2274,nellye ,24.0
2045,mayradelacruz ,24.0
858,estefanybravo ,24.0
2473,priscilagissele ,24.0
603,davidmacas94 ,24.0
1862,maick ,24.0
1911,marfer2017 ,24.0
266,apmaza ,24.0
789,ejleon3 ,24.0
775,eeyaguari ,23.0
1310,jessicavega07 ,23.0
2893,wfchamba ,23.0
2241,nacasillas ,23.0
821,emilyochoa ,23.0
1410,jonathanmendez ,23.0
424,ceciliavalladares ,23.0
1673,lauranegrita ,23.0
1724,linderk26 ,23.0
2100,merycastillo ,23.0
2286,nicoferna ,22.0
1146,isaacsolo 300 ,22.0
1212,jasomerino 29 ,22.0
2715,stalinbrigss ,22.0
1339,jime ruiz ,22.0
2079,melch1 ,22.0
2737,svcordova2 ,22.0
760,edisonleonardo ,22.0
1114,hmestay ,22.0
426,celenagutierrez ,22.0
2567,rosariomj ,22.0
1690,leidymontalvan ,22.0
2397,patriciacarrera ,21.0
2309,nohelyloayza ,21.0
2179,mjpozo 1 ,21.0
1610,ke li ,21.0
1102,heolmedo1 ,21.0
2394,patricia23 ,21.0
2206,monkys9 ,21.0
2747,tania espinosa ,21.0
2313,norman 0 0 ,21.0
2161,mishellk ,21.0
1551,karina garay ,21.0
2584,rrribarra ,21.0
311,biparedes ,21.0
857,estefany ,21.0
1902,marceveme ,21.0
1250,jeannethjara ,21.0
2727,stephanievelez ,21.0
612,davriv ,20.0
2505,rdjimenez4 ,20.0
2600,sairachicaiza ,20.0
2195,mochinchin8 ,20.0
1558,karinavega ,20.0
2018,maryuriburgos ,20.0
2942,yeniadelgado ,20.0
941,franciscoramirez ,20.0
2239,myriamaymara ,20.0
2257,nathaly159 ,20.0
2842,vevalle ,20.0
830,engridhurtado ,20.0
2291,nicoleochoa ,20.0
2604,samuelcelleri ,19.0
274,arquezada1 ,19.0
1075,gssuarez ,19.0
1261,jeffersonadrian ,19.0
1304,jessicaguachon ,19.0
1234,jcromero16 ,19.0
298,benazirgut ,19.0
568,danielatorresg ,19.0
2426,pauldiaz ,19.0
1313,jessy cajamarca ,19.0
1614,kellymishell ,19.0
373,carloscr ,19.0
1252,jeantituana ,19.0
2910,ximena mireya ,19.0
265,apmaldonado86 ,18.0
1412,jonathanmorocho ,18.0
1221,jayaschi ,18.0
2347,pabloandre ,18.0
2941,yelizano ,18.0
1615,kely armijos ,18.0
429,cenavarro ,18.0
2623,santiagoj ,18.0
1842,maelmaldonado ,18.0
2816,vbguerron ,18.0
932,flores 10 ,18.0
1411,jonathanmontero ,18.0
2908,xdela ,18.0
315,bmflores ,18.0
2247,nanda ,18.0
2944,yeseniaaldaz ,18.0
552,danich ,18.0
750,ecorozco ,18.0
2854,victorhugo1996 ,18.0
1471,jrrobles2 ,18.0
2424,paulamoncayo23 ,18.0
818,emiliag ,17.0
241,angyguaillas ,17.0
1823,lyzbettmartinez ,17.0
2063,mcmoyon1 ,17.0
138,ammontalvo ,17.0
1434,joseisrael ,17.0
182,andreaalvarezruiz ,17.0
2393,patricia morales ,17.0
704,diegotello ,17.0
87,alejandrocarrillo ,17.0
151,ana gahona ,17.0
90,alejaya ,17.0
2468,pparedes ,17.0
2769,tebo ,17.0
2621,santiagocorralcorral ,17.0
1536,karenagila ,17.0
2967,yulianavernaza ,17.0
1924,maria sarango ,17.0
2879,vpvalverde1 ,17.0
1794,luisa ,17.0
55,afcarrasco ,17.0
2609,sandra velez ,16.0
1958,mariasolcampoverde ,16.0
1243,jdguaman3 ,16.0
1479,juanbustamante ,16.0
431,ceromero1 ,16.0
1844,maeugeniajumbo ,16.0
842,erikaperalta ,16.0
2043,mayra ,16.0
162,anajacome ,16.0
2059,mccordova ,16.0
71,akreyes ,16.0
1619,kereategui ,16.0
2712,spparedes3 ,16.0
468,cisnetello ,16.0
1319,jgjumbo2 ,16.0
923,ferntorres ,16.0
1633,klebervera2905 ,16.0
2461,plantasgp ,16.0
1740,lkolmedo ,16.0
1738,ljochoa2 ,16.0
2714,srodriguez3 ,15.0
233,angeles ,15.0
664,diana86 ,15.0
1065,gnesiscalle ,15.0
2071,mechiran1 ,15.0
1408,jonathan26 ,15.0
896,fehilasaca ,15.0
652,dfestrella ,15.0
35,adrian159 ,15.0
597,davidbastidas ,15.0
1903,marcia ,15.0
2323,odalia ,15.0
2452,pilarvera ,14.0
2433,paulvillamagua ,14.0
2592,ruthleon ,14.0
2646,selopez6 ,14.0
2914,ximenanaulac ,14.0
2329,ololmedo1 ,14.0
1955,mariaquimis ,14.0
2639,sdochoa2 ,14.0
1492,juansantillan ,14.0
1265,jejimenezx ,14.0
1447,josselyndelgado ,14.0
1164,ivonne92 ,14.0
1890,maracastillo ,14.0
1561,karlaalban ,14.0
644,demoncada ,14.0
1045,giomarortiz ,14.0
916,fernando76 ,14.0
1303,jessicagorozabel ,14.0
1743,lliturralde1 ,14.0
907,fernandahernandez ,14.0
1470,jrrivera6 ,14.0
953,fredgut ,14.0
1626,kestupinan02 ,14.0
522,cristinaespinosa ,14.0
1340,jimecuenca ,14.0
1466,jrchileg ,14.0
762,edpaladines ,13.0
536,cycueva ,13.0
1763,lorenaayala ,13.0
219,andresyepez ,13.0
1786,luciacoral ,13.0
701,diegoochoa ,13.0
320,boristorres ,13.0
1563,karlamichelle ,13.0
1184,jagg ,13.0
2447,peter325 ,13.0
2138,miguelandres ,13.0
1753,lmquezada ,13.0
330,bruja115 ,13.0
2717,stefacueva ,13.0
1943,mariajulialasso ,13.0
458,cindy ,12.0
733,dpbarrezueta ,12.0
1419,jorgeandres ,12.0
2535,robinsonadrian ,12.0
2326,ogpaqui ,12.0
1963,maribellozada ,12.0
2619,santiago21 ,12.0
456,cielo 43 ,12.0
203,andreina tandazo ,12.0
2732,stsilvia ,12.0
310,bionaysanchez ,12.0
1255,jecamacho ,12.0
1969,maricelasamaniego ,12.0
358,carlaidrovo ,12.0
129,alrivera5 ,12.0
997,gacarrionx ,12.0
2378,paolaherrera ,12.0
2454,pinosuavefuerteroble ,12.0
259,anylu ,12.0
2630,sarangoangel85 ,12.0
399,carolinadesantiago85 ,11.0
1019,geovannyleon22 ,11.0
306,bgesparza ,11.0
305,bfpalacios ,11.0
15,abigail ,11.0
238,angie bustamante ,11.0
2809,vanessa ramos ,11.0
2603,samora1 ,11.0
737,dtcarrion1 ,11.0
65,aidethbautista ,11.0
1965,maribelsotaminga ,11.0
2212,mortiz ,11.0
485,cmvelez1 ,11.0
1889,mapillajo2 ,11.0
584,darias ,11.0
425,cecynoboac ,11.0
926,fhverdy ,11.0
1807,luisja ,11.0
2446,peromero ,11.0
1524,kaixer ,11.0
1936,mariaeugeniamendez ,11.0
2135,miellevattuone ,11.0
1901,marcevargas ,11.0
1031,gianeguerrero ,11.0
1755,lmsilva2 ,10.0
2933,yajis06 ,10.0
2917,ximetere ,10.0
1691,leloaiza4 ,10.0
740,eaarevalo3 ,10.0
412,cbcastro ,10.0
1748,lmespinelc ,10.0
1082,guissecamacho ,10.0
1335,jhulissaserrano ,10.0
967,gabrielaburgos ,10.0
2310,nohemi ,10.0
1228,jcguerra4 ,10.0
1151,ismaelfreire ,10.0
1505,jullytorres ,10.0
29,acvillavicencio ,10.0
357,carlaelizabeth ,10.0
2213,mparmijos2 ,10.0
2966,yulianavera ,10.0
420,cecibelpardo95 ,10.0
947,franklinvelez ,10.0
1581,katherin1 ,10.0
582,daoj ,10.0
1599,katy 93 ,10.0
817,emilia ,10.0
117,alexma ,10.0
247,anita burneo94 ,10.0
1950,marianela94 ,10.0
2110,mffuente ,10.0
2014,marykrmen ,10.0
273,armishyrley ,9.0
2111,mfgonzalez ,9.0
158,anacristi ,9.0
1688,ldtuarez ,9.0
2246,nancypinzon ,9.0
437,cesartorres ,9.0
149,ana cristina ,9.0
1728,lisseth leon ,9.0
1431,joseandres ,9.0
208,andres1256 ,9.0
1657,lacb1973 ,9.0
1641,kmpalma ,9.0
975,gabrielanarvaez ,9.0
1009,geanella1 ,9.0
224,andy bunay ,9.0
2541,rodolfofeijoo ,9.0
1703,leonilacastillo ,9.0
2163,mishu 992 ,9.0
2420,paulagaona ,9.0
80,alejandra bp ,9.0
297,bemina ,9.0
2005,marthacrespo ,9.0
2818,vcordova ,9.0
696,diegocordova10 ,9.0
2662,sil ,9.0
2605,samuelinca ,9.0
1927,mariaalejandra ,9.0
295,belenhermoza ,9.0
1928,mariaandrade ,9.0
2613,sandraespinosa ,9.0
1229,jcguerrero5 ,9.0
335,bryantporti ,9.0
2549,romaluvi ,8.0
1871,majopozo6 ,8.0
1233,jcreyes6 ,8.0
495,cris aldazs ,8.0
2911,ximenaalulima ,8.0
1105,hernanrosero ,8.0
1665,lalyfigueroa ,8.0
1725,lissalinas ,8.0
1359,jluis88 ,8.0
657,diana 12 ,8.0
1860,magusaj ,8.0
1909,marco9 ,8.0
1037,giginaty ,8.0
2083,mellafebre86 ,8.0
587,darreaga ,8.0
120,alfredo arciniegas ,8.0
2193,mmsaintmm ,8.0
1458,jphenriquez ,8.0
2832,veronicaganazhapa ,8.0
18,ablojan ,8.0
104,alexandraespinosa ,8.0
2082,melissaramirezc ,8.0
2885,vxguaya ,8.0
579,dannpaul ,8.0
447,chetes ,8.0
1694,leninherrera ,8.0
586,darlynsevilla ,8.0
1272,jenniferjohanna ,8.0
1555,karinaguerra ,7.0
2144,mila ,7.0
2382,paolanieto ,7.0
362,carlos ,7.0
2402,patriciocalderon ,7.0
207,andres hd1 ,7.0
2649,seortega ,7.0
1422,jorgeguaicha ,7.0
1196,jamorocho9 ,7.0
1110,hilarybailon ,7.0
1899,marcelolumisaca ,7.0
2961,yolimell ,7.0
2620,santiagobermeo ,7.0
2703,sonia ,7.0
1506,junior villa ,7.0
1919,maria estefania19 ,7.0
2652,sersua2806 ,7.0
1885,manuelmoreno ,7.0
634,dcsilva4 ,7.0
741,eadiaz ,7.0
1015,george ,7.0
2760,tatianapaola ,7.0
2068,mdsalazar4 ,7.0
114,alexismoreno82 ,7.0
1316,jfpullaguaryx ,7.0
2670,silvanavelez ,7.0
276,arzambrano1 ,7.0
1322,jgponce4 ,7.0
2095,mercy masaco ,7.0
396,carolay ,7.0
1347,jjrosero3 ,7.0
2660,shirleypareja ,7.0
692,diego viteri ,7.0
1830,mabatioja ,7.0
979,gabrielavaca ,7.0
2543,rodrigoleonl ,7.0
1370,jmtinoco2 ,7.0
1628,kfortega2 ,7.0
2325,ofruiz ,7.0
972,gabrielagodoy ,7.0
77,aleja ,7.0
2333,ooscaroomar ,7.0
223,andy ,7.0
1630,kfserrano ,7.0
658,diana carrion3 ,7.0
1462,jpriscila ,6.0
2780,thaliachacon ,6.0
949,fransaacmeneses ,6.0
2410,pattytuz ,6.0
2285,nicknano82 ,6.0
2370,pamesolis18 ,6.0
2749,taniamazon ,6.0
1468,jrcifuentes ,6.0
453,christiangavilanes ,6.0
1205,jany ,6.0
413,cbloja ,6.0
1323,jheysonuchuari ,6.0
329,brisalica ,6.0
1052,gjvaca ,6.0
269,aracisn2017 ,6.0
2491,rafael maldonado ,6.0
1230,jcmatailo2 ,6.0
1170,jackelineloaiza ,6.0
1406,jonathan armijos ,6.0
391,carmenm ,6.0
1188,jairabonilla ,6.0
1241,jdbaez ,6.0
1208,jaramillotinizaray ,6.0
342,byronasuero ,6.0
1995,marjorie aguilar ,6.0
2146,milennysoto ,6.0
1795,luisacevallos ,6.0
492,cpmontano ,6.0
793,elenaruiz ,6.0
1580,kath ,6.0
1869,majo1mp ,6.0
836,erickasoledispa ,6.0
2915,ximeros ,6.0
1798,luisanarvaez ,6.0
1542,karenloaiza ,6.0
174,andrea jaramillo ,6.0
1993,mariuxis ,6.0
2615,sandrique ,6.0
776,efcalva2 ,6.0
42,adry ,6.0
1893,marcegonzalez ,6.0
58,agarmijos2 ,6.0
463,cinthia 30 ,6.0
803,elizabeth faican quinche ,6.0
150,ana espinoza ,6.0
710,disoria ,6.0
1486,juanjo ,6.0
1501,juliocevallos ,6.0
1974,marieli ,6.0
1959,mariateresa ,6.0
1659,ladyaguirre ,6.0
2024,masuflores ,5.0
2025,matnos ,5.0
84,alejandro21 ,5.0
1816,luzmilamedina ,5.0
1251,jeanninemartinez ,5.0
389,carmencuencs ,5.0
698,diegofernando ,5.0
697,diegocuenca ,5.0
1262,jeffersonherrera ,5.0
99,alexanderps ,5.0
881,fabianayala ,5.0
101,alexandra valdivieso ,5.0
1287,jesseniac ,5.0
2065,mdavalos2 ,5.0
1746,lmacias ,5.0
547,damarquez ,5.0
719,dmcuenca4 ,5.0
717,dmbalseca ,5.0
716,dmalvarez2 ,5.0
1761,lorena villota ,5.0
285,bachitacoronel ,5.0
699,diegohinojosa ,5.0
1764,lorenaayovi20 ,5.0
286,bamendez ,5.0
2299,nixonquizhpe ,5.0
2932,yajairacuenca ,5.0
2423,paulajs94 ,5.0
681,dianashiguango ,5.0
2661,shirleyvrm ,5.0
1238,jctomalag ,5.0
2614,sandraloja ,5.0
2321,oaayerve ,5.0
54,afcardenas3 ,5.0
319,borismontero ,5.0
2799,valeria sanchez ,5.0
1989,mariuxiabad6 ,5.0
1883,manolo ,5.0
641,deicy g ,5.0
1119,horacio ,5.0
631,dclopez2 ,5.0
1122,idsanchez ,5.0
2973,yuri ,5.0
1158,ivandre ,5.0
1939,mariafernandasarango ,5.0
616,dayana reasco ,5.0
2644,sele camacho93 ,5.0
608,davidtapia ,5.0
1141,irma cuenca ,5.0
314,blancojuan ,5.0
1203,janio1509 ,5.0
83,alejandrasarmiento ,5.0
2000,marjorievera ,5.0
2656,shakiravinces ,5.0
2324,odcastillo ,5.0
1840,maekeltz ,5.0
79,alejaluna ,5.0
1847,mafernandez ,5.0
1848,mafersarango ,5.0
2279,nemedina1 ,5.0
309,bionayquevedo ,5.0
2412,patyceli ,5.0
1219,javiervalencia82 ,5.0
1853,magdalenabrito ,5.0
2955,yksantos ,5.0
2957,yltoral ,5.0
2406,pattimalla1 ,5.0
1103,hernaldo tacuri ,5.0
1035,giapof ,5.0
598,davides ,5.0
1721,lilianagarcia ,5.0
2536,rociobarrera ,5.0
1566,karlos ,5.0
1570,karolina ,5.0
488,coralito ,5.0
819,emiliovaldez2 ,5.0
1586,katherineortiz23 ,5.0
1588,katherinflores ,5.0
954,fredybosquez ,5.0
1418,jorge cevallos ,5.0
1375,jocelyncarrillo ,5.0
2539,rociomatutepiedra ,5.0
2230,mrsolorzano ,5.0
2544,rodrigoserrano ,5.0
2904,xavier1234 ,5.0
2905,xavierchicaiza1234 ,5.0
141,amoreno1 ,5.0
1377,jocruz2 ,5.0
1554,karinagranda ,5.0
847,errosero2 ,5.0
2160,mishellcastillo ,5.0
851,estebanaroca ,5.0
885,fabriciojaramillo ,5.0
197,andrearios ,5.0
2504,rdgonzaga1 ,5.0
475,clauv ,5.0
2880,vrcheca ,5.0
856,estefaniasotoespinosa ,5.0
898,felipecastillo1 ,5.0
2173,mjendara1 ,5.0
180,andrea1995a ,5.0
1449,josspiuri ,5.0
2516,ribetancourt1 ,5.0
2203,monicaortega ,5.0
1532,karen delgado ,5.0
921,fernandoromero ,5.0
1444,joss ,5.0
2240,nabuitron ,5.0
962,gabiriofrio ,5.0
261,anyvivas ,5.0
2094,mercy 1419 ,5.0
2676,sioma ,5.0
264,aperugachi1 ,5.0
503,cristhiandefaz ,5.0
2564,rosanacastro ,5.0
2088,mepatino3 ,5.0
1668,lapalacios5 ,5.0
1714,lgramires ,5.0
2256,nathalia ,5.0
1360,jmalvarez1 ,5.0
133,amcardenas10 ,5.0
991,gabylucin ,5.0
2691,smsinche1 ,5.0
2092,mercedesvilla ,5.0
2250,narcisabarrera10 ,5.0
2736,susy ,5.0
2916,ximesama ,5.0
1327,jhonpaul ,5.0
135,amguaman4 ,5.0
2244,nancu ,5.0
414,ccespinosa1 ,5.0
2568,rosariopacheco1984 ,4.0
769,edwin 25 ,4.0
2500,raruiz1 ,4.0
346,cacarlos ,4.0
2469,ppenap ,4.0
2513,reroes3100 ,4.0
1129,ingles2017 ,4.0
1132,ingridlojan ,4.0
1133,ingridlojan1 ,4.0
620,dayanarasocola ,4.0
2438,pbcoello ,4.0
749,ecescobar 1 ,4.0
886,fabriinfante ,4.0
343,byronchango ,4.0
544,daisylema ,4.0
2395,patricia36 ,4.0
2729,stfa1992 ,4.0
2752,tanyv ,4.0
944,francopi ,4.0
2601,sama ,4.0
2550,romeliaperez ,4.0
974,gabrielajuma ,4.0
2545,rogercl ,4.0
457,ciludena ,4.0
1087,gvfreire1 ,4.0
1004,garaygeral ,4.0
365,carlos rodriguez ,4.0
2529,rmpinargote ,4.0
855,estefaniamaribel5 ,4.0
2404,patricioreese ,4.0
1080,guilleayora ,4.0
2403,patricioloja ,4.0
783,egmacas ,4.0
2546,rogersrodriguez25 ,4.0
1072,grdelgado1 ,4.0
2429,paulinabuena ,4.0
1061,gmcordova1 ,4.0
1032,gianellacarolina ,4.0
2295,nidiajumbo1976 ,4.0
1459,jpmoya2 ,4.0
217,andrespesantes ,4.0
1240,jcyepez2 ,4.0
2307,nohely freirevillacres ,4.0
1576,kassandra renteria ,4.0
1577,kate0107 ,4.0
2134,micky1986 ,4.0
1759,lolyvaca21 ,4.0
1756,loanny osorio ,4.0
2057,mccedeno5 ,4.0
157,anacriollo ,4.0
1368,jmpizarro1 ,4.0
115,alexistorres ,4.0
1716,lidaj ,4.0
2283,nfmera ,4.0
2196,moisescastro ,4.0
2085,mely1993 ,4.0
1311,jessicayu ,4.0
2252,narvaez ,4.0
1650,ktbravo ,4.0
272,arigomez ,4.0
1317,jfrobles ,4.0
122,aliespinoza ,4.0
2093,mercy ,4.0
1336,jhulissavire ,4.0
2840,verosas1 ,4.0
2907,xavierjimenez83 ,4.0
1681,lcjimenez7 ,4.0
1662,lagaibor1 ,4.0
1227,jccorrea2 ,4.0
2225,mrayala1 ,4.0
2104,meviillarreal ,4.0
1206,japardo5 ,4.0
2209,monykdlc1987 ,4.0
1185,jaguzman ,4.0
1480,juancarlostito ,4.0
2971,yulizbeth5 ,4.0
1865,majimenez21 ,4.0
1859,maguirreviv ,4.0
1913,margaritapupiales ,4.0
1477,juan77 ,4.0
1199,janethrobles ,4.0
1445,josseline torres ,4.0
1843,maesque ,4.0
1964,maribelpozo ,4.0
2882,vrtene ,4.0
2367,pamelaviteri ,4.0
2872,vlcedeno1 ,4.0
5,62000 ,4.0
2339,oscarrv ,4.0
1951,marianelagualan ,4.0
1433,josedml12345 ,4.0
336,bryanyepez ,4.0
2192,mmgarces ,4.0
1174,jacky ,4.0
1135,ingridlojan2 ,3.0
1473,jrsamaniego2 ,3.0
805,elizabethchimborazo ,3.0
134,amcarrion7 ,3.0
1613,keilaazuero ,3.0
2167,mjacome ,3.0
144,amsosa2 ,3.0
832,enriquemision ,3.0
841,erikamestanza ,3.0
477,clrojas1 ,3.0
1550,karina bazan30 ,3.0
1571,karolina barrera ,3.0
2106,mfabarca ,3.0
1573,karolreyes ,3.0
2174,mjgutierrez ,3.0
2693,sofiaorellana ,3.0
2895,whmoran ,3.0
2133,mickaelaespin ,3.0
2896,willan ,3.0
2540,rocmarcs ,3.0
183,andreabedoya ,3.0
2158,miserrano ,3.0
194,andreamelo ,3.0
462,cindygarcia11 ,3.0
501,crisspinto ,3.0
1854,magdalenamontero ,3.0
2027,maugeortiz ,3.0
574,danielmoncayo70 ,3.0
683,dianatj ,3.0
2023,masolorzano7 ,3.0
1837,macristina ,3.0
659,diana encarnacion ,3.0
2611,sandra68 ,3.0
1841,maeliguirre4 ,3.0
49,aeochoa1 ,3.0
2099,merivera15 ,3.0
647,dennissefreire ,3.0
583,daquinde1 ,3.0
38,adrianagranizoh ,3.0
1971,marielaalvarado ,3.0
1914,margeth ,3.0
622,dayanavera ,3.0
1956,mariarmijos2090 ,3.0
2640,sebaez ,3.0
573,danielmedinar ,3.0
1826,maacaro ,3.0
2029,mauricio ,3.0
1820,lvsinche ,3.0
1689,leidy85 ,3.0
770,edwinrolando ,3.0
2562,rosagavilanes ,3.0
2086,memunoz3 ,3.0
2081,melisalinasr06 ,3.0
2572,rositajimenez ,3.0
1749,lmguaman11 ,3.0
1754,lmquimi1 ,3.0
731,dorispauta ,3.0
2053,mbecerra ,3.0
562,danielacando ,3.0
1773,lraucancela ,3.0
1782,lucia chumbi ,3.0
2044,mayra1976 ,3.0
2597,ryuu22 ,3.0
2598,sabsy 16 ,3.0
89,alejandrotipan ,3.0
1708,lettis1969 ,3.0
1,0803029297 ,3.0
205,andreitabelen ,3.0
1036,gigiguerra ,3.0
2833,veronicagusqui ,3.0
1321,jgperez2 ,3.0
1331,jhuliana ,3.0
2804,valerie7 ,3.0
1202,janina prieto25 ,3.0
416,cdcalva ,3.0
1355,jlmedina ,3.0
2739,sxlluglla ,3.0
1006,gatunovelasco ,3.0
1357,jlrios5 ,3.0
2738,svtravez ,3.0
2253,natali ,3.0
988,gabyceli25 ,3.0
2249,naomy ,3.0
2775,tevasr ,3.0
1033,gianellacarrionsalinas ,3.0
367,carlosalegria ,3.0
2850,vickyvalencia ,3.0
1309,jessicasanchez ,3.0
2642,sechans ,3.0
2753,tatiana panchana ,3.0
1291,jessica chiluisa ,3.0
283,avonvanessa ,3.0
2431,paulmunoz ,3.0
1294,jessica1987 ,3.0
1276,jennylapo ,3.0
2817,vccampoverde3 ,3.0
2826,veronaponce ,3.0
302,bertha ,3.0
1308,jessicapallazhco ,3.0
2766,tatyroa94 ,3.0
2499,rareinoso1 ,3.0
2413,patyocamporuiz ,3.0
1226,jccela ,3.0
977,gabrielarosales ,3.0
1197,jandryparraga ,3.0
2297,ninfa ,3.0
2205,monikperez ,3.0
1435,josejaramillo ,3.0
1432,josecastillo ,3.0
2368,pameliz ,3.0
1127,ines sigcho ,3.0
2388,pasarzosa ,3.0
1186,jaimevivanco ,3.0
353,caperdomo ,3.0
1121,iarodriguez6 ,3.0
1436,joselias ,3.0
1442,josesoto ,3.0
1120,hugo rivera ,3.0
331,bryan ontaneda ,3.0
2796,valentinambuludi ,3.0
1400,johnbryan ,3.0
950,frealfrodvel ,3.0
1420,jorgebrito ,3.0
2234,msorellana6 ,3.0
418,cearaujo1 ,3.0
2735,susanatoledo ,3.0
2202,monicamarquez6 ,3.0
1397,johis9 ,3.0
2868,vivianal ,3.0
451,christianburi ,3.0
2758,tatianafreire ,2.0
102,alexandracris ,2.0
97,alexanderbenalcazar ,2.0
337,bujiinichoez ,2.0
591,daryhen ,2.0
332,bryanchalan ,2.0
91,alejita ,2.0
2982,zoebeatrizma ,2.0
94,alexa aguirre ,2.0
303,betty ,2.0
56,afquezada3 ,2.0
2764,tatiquilca ,2.0
74,albita ,2.0
323,brayanprm ,2.0
46,aeguizado ,2.0
360,carlangas238 ,2.0
292,beatrizgonzalez ,2.0
2953,ygdelgado1 ,2.0
2964,yosselynv ,2.0
2651,sergiojaramillo ,2.0
328,briidgetserrano ,2.0
2803,valeriaviteri ,2.0
37,adrianabermeo ,2.0
31,adilj ,2.0
313,bladimirvaldivieso ,2.0
366,carlos20miya ,2.0
312,bjvalencia ,2.0
324,bridgitthe ,2.0
403,carolinamartinez ,2.0
287,barberiswg ,2.0
251,anitagalvan ,2.0
498,crisdagarcia ,2.0
225,andy90 ,2.0
2894,wfpastuna ,2.0
2701,solbita ,2.0
2702,solcarvajal ,2.0
220,andrevicente ,2.0
214,andresmera ,2.0
160,anaisanchez ,2.0
211,andrescarrion ,2.0
2704,sonia cristina19 ,2.0
165,anaochoa ,2.0
179,andrea vaca ,2.0
480,cmmatute1 ,2.0
478,clvinces ,2.0
210,andresbenitez ,2.0
2884,vtrodriguez1 ,2.0
438,cesarvallejo ,2.0
445,charito 1976 ,2.0
2875,vmsantander ,2.0
449,chitupunkuch ,2.0
202,andrecazar ,2.0
237,anghy isa ,2.0
142,amperez6 ,2.0
564,danielaguaman ,2.0
417,cdchachalo ,2.0
560,danielaastudillo ,2.0
554,daniel92yk ,2.0
401,carolinaguachamin ,2.0
548,damonta1 ,2.0
110,alexandrasanchez 92 ,2.0
112,alexandraveragarcia ,2.0
2831,veronicacuripoma ,2.0
2924,yadicarpio ,2.0
2922,xsuquillo ,2.0
2748,tanialve ,2.0
2677,sisaflores ,2.0
538,daaq7 ,2.0
2680,sjchiliquinga1 ,2.0
2921,xortix ,2.0
531,cvcuenca1 ,2.0
2836,veronicarodriguez ,2.0
2743,tamia salome ,2.0
2841,verosilva ,2.0
262,apcabrera2 ,2.0
499,crisp ,2.0
2692,sncoronel ,2.0
338,bvargasriofrio ,2.0
980,gabrielrd24 ,2.0
602,davidluzon ,2.0
1428,jorgevaca ,2.0
1213,jasontit ,2.0
1218,javiermichaelc ,2.0
2331,omarhidalgo ,2.0
1267,jenifercristinag2 ,2.0
1271,jenniferguevara ,2.0
1277,jennyloren ,2.0
1286,jessenia ,2.0
1292,jessica chimbo ,2.0
1300,jessicacabrera ,2.0
1302,jessicaesparza ,2.0
1312,jesslychamba ,2.0
1315,jessye ,2.0
1318,jgeovanny2010 ,2.0
1337,jialenx ,2.0
1351,jkrodriguez3 ,2.0
1364,jmlopez22 ,2.0
1366,jmolivares ,2.0
1379,joelgranda ,2.0
1384,joffrepinto21 ,2.0
2236,mvlaguapillo ,2.0
1393,johannacueva ,2.0
2223,mpromero4 ,2.0
1425,jorgepolanco ,2.0
2338,oscarrodriguez ,2.0
2340,osmary bravo ,2.0
2349,pablogutierrez ,2.0
1125,inacorp ,2.0
1069,gpordonez1 ,2.0
1074,gsgaona7 ,2.0
1085,gustavo jav1 ,2.0
2416,paula gaona ,2.0
2415,paucar ,2.0
1089,haaldeen ,2.0
1092,haydee ,2.0
1098,hellen villa1493 ,2.0
2399,patriciaflores ,2.0
2398,patriciachicango ,2.0
1134,ingridlojan12 ,2.0
1194,jame ,2.0
1139,irania garcia ,2.0
2371,paofer ,2.0
2369,pameorquera ,2.0
1156,ivana ,2.0
1162,ivettemaldonado ,2.0
2363,pamela913 ,2.0
1165,ivosaurio ,2.0
1179,jacquelineloaiza ,2.0
2353,pablorgomez ,2.0
2352,pabloquinche ,2.0
1427,jorgesamaniego21 ,2.0
1438,joseluisp ,2.0
1053,gladis vidal ,2.0
1454,jpfiallos ,2.0
1699,leoncio0923 ,2.0
2077,melania granda123 ,2.0
1719,liliacabrera14882 ,2.0
1731,liz ,2.0
1739,lkleiva ,2.0
1744,llrivera1 ,2.0
1780,luchytalinda ,2.0
1787,luciagleon ,2.0
1791,luis davila ,2.0
1803,luiseduardo ,2.0
2036,mavasquez24 ,2.0
1817,luzvera ,2.0
2021,masanchez32 ,2.0
2016,marylinortiz ,2.0
2004,martha orrala6 ,2.0
1870,majo94 ,2.0
1987,maritzaguaya ,2.0
1887,mapadilla6 ,2.0
1891,maramirez6 ,2.0
1905,marciacampos ,2.0
1922,maria ines ,2.0
1957,mariarojasu ,2.0
1953,mariangi ,2.0
2087,meortega10 ,2.0
1695,leninpillajo ,2.0
2105,meylinrobles ,2.0
1537,karenceins ,2.0
1455,jpgallardo7 ,2.0
1456,jpgallegos3 ,2.0
1467,jrchuquirima1 ,2.0
1476,juan h ,2.0
2181,mjsotomayor1 ,2.0
1489,juanpablo ,2.0
1491,juanquishpe ,2.0
2175,mjmora5 ,2.0
1519,kacastillo ,2.0
2168,mjalmachi ,2.0
1545,karennaciph ,2.0
2109,mfflores7 ,2.0
1546,karennathy ,2.0
1579,katerin montesdeoca ,2.0
2132,michi23 ,2.0
1608,kdiaz ,2.0
1625,keshiamediavilla ,2.0
1637,kmespinoza3 ,2.0
1643,koraima viteri ,2.0
1654,kxmorocho ,2.0
1661,ladycris ,2.0
2112,mfgranda2 ,2.0
2432,paululco ,2.0
1257,jecenialuzuriaga ,2.0
883,fabio ,2.0
799,elimar ,2.0
814,elvisao ,2.0
959,gabbypenafiel ,2.0
831,enrique ochoa ,2.0
686,diancarol92 ,2.0
630,dchamorr ,2.0
945,frank ,2.0
935,fmireya8 ,2.0
642,deisy changovalin ,2.0
928,fkpizarro ,2.0
678,dianapcll ,2.0
2523,rinabermeo ,2.0
2490,rafa ,2.0
753,eddy ,2.0
2570,rosavelasco02 ,2.0
906,fernandafernandez ,2.0
650,deysichamba ,2.0
890,fasandoval ,2.0
651,dfalvarado ,2.0
2518,ricardo01 ,2.0
804,elizabeth35 ,2.0
2626,saparedes1 ,2.0
2455,pinti ,2.0
787,eileenacupas ,2.0
1029,ggpena ,2.0
790,ejpineda ,2.0
2634,sccastillo1 ,2.0
754,edgar1984 ,2.0
1012,gemazambrano ,2.0
772,eelara ,2.0
864,eucevallos ,2.0
1011,geicomayo ,2.0
2054,mcalderon9 ,1.0
2898,williansuasnavas ,1.0
849,esperanzapinta ,1.0
1824,m 10 e ,1.0
2022,masantillan9 ,1.0
2582,rquizhpe ,1.0
1352,jlcobos1 ,1.0
2706,soniahurtado25 ,1.0
1539,karencita ,1.0
806,elizabethguaman ,1.0
2655,sfdf342 ,1.0
2265,ncastillo ,1.0
2590,rudyhidalgoperez ,1.0
1850,magalyquezada ,1.0
1612,kebonilla ,1.0
1736,lizeth ,1.0
2515,rexita ,1.0
863,estrella ,1.0
2280,nemelendres ,1.0
2284,ngmendoza1 ,1.0
2102,merymorales ,1.0
2591,ruth56 ,1.0
2533,roberto cuesta ,1.0
2182,mjvela ,1.0
2858,victorpineda ,1.0
2219,mpguerrero1 ,1.0
1799,luisavega ,1.0
2698,sofy granda26 ,1.0
689,diany ,1.0
2224,mpvargas4 ,1.0
773,eemoran ,1.0
66,ajcabrera3 ,1.0
1041,gina9 ,1.0
497,cris19 ,1.0
1604,kbpinzonl ,1.0
2245,nancymolina ,1.0
93,alex jaramillo ,1.0
1815,luzmaria ,1.0
2528,rmjacome2 ,1.0
2178,mjpozo ,1.0
705,diegovelasquez ,1.0
232,angeleduardo ,1.0
206,andrenarvaez ,1.0
1373,joce ,1.0
523,cristinaflores ,1.0
2931,yahafranco ,1.0
130,alvaroxd ,1.0
279,asfd ,1.0
368,carlosbano ,1.0
955,frgarcia1 ,1.0
2379,paolalizbeth ,1.0
2383,paolaquintana ,1.0
987,gabyceli ,1.0
2391,pato66661 ,1.0
1118,hoovervaldivieso ,1.0
992,gabynor ,1.0
1002,gaojeda ,1.0
30,acviteri4 ,1.0
1912,margarita 04 ,1.0
364,carlos rcas ,1.0
744,earodriguez15 ,1.0
374,carlosenriquez ,1.0
280,asortega2 ,1.0
624,dayita 16 ,1.0
28,acvicente ,1.0
380,carlossq10 ,1.0
383,carlosvalarezo ,1.0
2418,paulaceli ,1.0
1954,mariaordonez ,1.0
2978,yvpezo ,1.0
6,a7xleonel ,1.0
2671,silvia neira ,1.0
1020,gepacame ,1.0
1670,laura35 ,1.0
1945,mariamontano1234 ,1.0
2784,tomasyepez ,1.0
1698,leonardocosta ,1.0
1861,maguscordero ,1.0
1997,marjorieaponte ,1.0
1296,jessicaargoti ,1.0
282,avnavarrete1 ,1.0
145,amsuarez3 ,1.0
878,evvega1 ,1.0
2127,michelle paredes ,1.0
1730,litabenitez ,1.0
1856,maggitorres ,1.0
2503,rbcartuche ,1.0
59,agpaltin ,1.0
1268,jenifferhurtado ,1.0
611,davillavivencio ,1.0
2625,santiagorivera ,1.0
535,cxgutierrez ,1.0
1235,jcruz ,1.0
1231,jcorellana88 ,1.0
934,fmaguirre ,1.0
930,fleeperkp ,1.0
2487,ptastudillo ,1.0
1163,ivettetomala ,1.0
442,cgtoala ,1.0
927,fjarmijosv ,1.0
318,bogranda ,1.0
2341,oswaldrobert ,1.0
643,del65 ,1.0
900,femariduena ,1.0
734,dreduq ,0.0
2579,roxy ,0.0
121,ali coronel ,0.0
707,difer ,0.0
706,diepinto30 ,0.0
127,almudenagrandal ,0.0
1046,giovannaguerrero ,0.0
563,danielafernanda ,0.0
1876,malmendat ,0.0
3,342543 ,0.0
613,dayaguache1 ,0.0
20,abproano ,0.0
1920,maria fernanda zambrano valle ,0.0
1975,marielisa ,0.0
1977,marieramirez ,0.0
1882,manarvaez9 ,0.0
1879,mamolina6 ,0.0
2009,marverito ,0.0
1732,lizastudillo ,0.0
1851,magalyt ,0.0
2952,yessyeniacordova ,0.0
76,albuja narvaez ,0.0
82,alejandraluzuriaga ,0.0
88,alejandrocueva ,0.0
2657,sheilamartinez ,0.0
1788,luigi valo ,0.0
2596,rvquichimbo ,0.0
2011,mary lu ,0.0
2866,viviana 84 ,0.0
2577,roxanacox ,0.0
1248,jdvelez ,0.0
2791,vabriceno ,0.0
2728,steve 26 ,0.0
446,chavila ,0.0
448,chicho84us ,0.0
2493,rafaelluquej ,0.0
452,christianespinozar ,0.0
2812,vanessarosero ,0.0
2711,spnovas ,0.0
1266,jemecuma ,0.0
1270,jenniferchdiaz ,0.0
293,becarrion1 ,0.0
1284,jeseniavg ,0.0
1285,jesscruz ,0.0
2510,rejaramillo6 ,0.0
334,bryanjumbo ,0.0
1155,itmera ,0.0
1147,isabelconde ,0.0
1144,irmasamaniego ,0.0
1108,hfgomez1 ,0.0
2457,pjizurietajurado ,0.0
2409,patty guerrero022 ,0.0
2742,tagordillo ,0.0
378,carlosnivicela ,0.0
2761,tatianaromero ,0.0
1086,gustavogerardo ,0.0
2744,tamy ,0.0
1084,gustavo hernan ,0.0
1083,gustavo ,0.0
397,carolduque ,0.0
2439,pbenavides ,0.0
400,carolinaescalante ,0.0
278,asdfdsa ,0.0
270,archico ,0.0
545,dalia ,0.0
766,eduardot ,0.0
768,edwin ,0.0
532,cvdelgado2 ,0.0
166,anavela ,0.0
1544,karenmales ,0.0
163,anakarenm ,0.0
2892,wendynavarrete ,0.0
761,edisonrobles ,0.0
852,estebanguerra ,0.0
1594,katterine ,0.0
539,dabravo6 ,0.0
2125,michaelcb ,0.0
541,dacumbicus ,0.0
543,daherrera4 ,0.0
139,ammorocho5 ,0.0
2169,mjbatallas2 ,0.0
2881,vrquezada1 ,0.0
2687,smgaibor1 ,0.0
190,andreaguilera1 ,0.0
2876,vpena ,0.0
1429,jorricar ,0.0
833,eppacheco ,0.0
222,andreyna12 ,0.0
1396,johannasabando ,0.0
487,cnvaldi ,0.0
2527,rmalbuja ,0.0
848,esperanza ,0.0
2846,vhromero2 ,0.0
2845,vhlasso ,0.0
1354,jlhermenegildo ,0.0
2262,natyerazo ,0.0
2839,veronicavanessa ,0.0
1949,marianela ,0.0
